,age,job,marital,education,default,housing,loan,contact,month,day_of_week,duration,campaign,pdays,previous,poutcome,emp.var.rate,cons.price.idx,cons.conf.idx,euribor3m,nr.employed,prediction
4673,41,9,0,6,0,0,0,0,0,2,162,1,0,0,1,1.1,93.994,-36.4,4.8580000000000005,5191.0,0
4231,34,0,0,6,0,0,0,0,0,1,184,1,0,0,1,1.1,93.994,-36.4,4.856,5191.0,0
251,41,1,0,0,0,1,0,0,0,0,211,1,0,0,1,1.1,93.994,-36.4,4.857,5191.0,0
7637,41,9,1,5,0,0,0,0,0,4,363,3,0,0,1,1.1,93.994,-36.4,4.864,5191.0,0
2964,52,0,1,2,0,0,0,0,0,2,264,2,0,0,1,1.1,93.994,-36.4,4.859,5191.0,0
6317,41,0,1,6,0,0,0,0,0,1,266,4,0,0,1,1.1,93.994,-36.4,4.857,5191.0,0
2376,39,1,0,3,0,1,0,0,0,1,67,1,0,0,1,1.1,93.994,-36.4,4.856,5191.0,0
6996,32,7,0,5,0,0,0,0,0,3,103,7,0,0,1,1.1,93.994,-36.4,4.86,5191.0,0
6750,35,2,0,3,0,0,0,0,0,2,157,2,0,0,1,1.1,93.994,-36.4,4.857,5191.0,0
4116,24,7,1,3,0,0,0,0,0,0,401,2,0,0,1,1.1,93.994,-36.4,4.8580000000000005,5191.0,0
325,40,3,1,5,0,0,0,0,0,0,111,4,0,0,1,1.1,93.994,-36.4,4.857,5191.0,0
5805,31,0,1,3,0,1,0,0,0,0,100,2,0,0,1,1.1,93.994,-36.4,4.857,5191.0,0
6001,49,9,0,5,0,1,0,0,0,1,340,1,0,0,1,1.1,93.994,-36.4,4.857,5191.0,0
6029,27,9,1,5,0,0,0,0,0,1,148,1,0,0,1,1.1,93.994,-36.4,4.857,5191.0,0
2847,32,0,1,3,0,0,0,0,0,2,387,2,0,0,1,1.1,93.994,-36.4,4.859,5191.0,0
5359,35,3,0,3,0,1,0,0,0,4,82,7,0,0,1,1.1,93.994,-36.4,4.857,5191.0,0
6528,42,10,0,2,0,0,0,0,0,2,174,1,0,0,1,1.1,93.994,-36.4,4.857,5191.0,0
226,42,9,0,6,0,0,0,0,0,0,64,2,0,0,1,1.1,93.994,-36.4,4.857,5191.0,0
5657,32,0,1,6,0,0,0,0,0,0,112,1,0,0,1,1.1,93.994,-36.4,4.857,5191.0,0
1367,27,1,0,2,0,0,1,0,0,3,1170,1,0,0,1,1.1,93.994,-36.4,4.855,5191.0,1
4884,29,9,1,6,0,0,0,0,0,2,171,1,0,0,1,1.1,93.994,-36.4,4.8580000000000005,5191.0,0
4573,24,7,1,3,0,0,0,0,0,1,119,3,0,0,1,1.1,93.994,-36.4,4.856,5191.0,0
4652,42,0,1,6,0,1,1,0,0,2,938,1,0,0,1,1.1,93.994,-36.4,4.8580000000000005,5191.0,1
7737,50,1,0,2,0,0,0,0,0,4,43,2,0,0,1,1.1,93.994,-36.4,4.864,5191.0,0
6535,51,0,2,6,0,1,0,0,0,2,72,18,0,0,1,1.1,93.994,-36.4,4.857,5191.0,0
5774,25,6,1,6,0,0,0,0,0,0,78,2,0,0,1,1.1,93.994,-36.4,4.857,5191.0,0
595,57,9,0,5,0,1,0,0,0,1,402,4,0,0,1,1.1,93.994,-36.4,4.857,5191.0,0
6239,42,0,0,3,0,1,0,0,0,1,453,1,0,0,1,1.1,93.994,-36.4,4.857,5191.0,0
2234,47,4,0,6,0,0,0,0,0,0,24,12,0,0,1,1.1,93.994,-36.4,4.857,5191.0,0
3935,34,0,1,3,0,0,1,0,0,0,412,1,0,0,1,1.1,93.994,-36.4,4.8580000000000005,5191.0,0
178,28,7,0,3,0,1,0,0,0,0,81,1,0,0,1,1.1,93.994,-36.4,4.857,5191.0,0
4465,29,7,2,3,0,1,0,0,0,1,157,1,0,0,1,1.1,93.994,-36.4,4.856,5191.0,0
5019,44,1,0,3,0,0,0,0,0,2,250,4,0,0,1,1.1,93.994,-36.4,4.8580000000000005,5191.0,0
6498,37,1,1,2,0,0,0,0,0,2,210,1,0,0,1,1.1,93.994,-36.4,4.857,5191.0,0
2202,41,4,0,3,0,0,0,0,0,0,264,2,0,0,1,1.1,93.994,-36.4,4.857,5191.0,0
5225,39,4,0,6,0,1,1,0,0,4,145,1,0,0,1,1.1,93.994,-36.4,4.857,5191.0,0
6583,36,0,1,6,0,1,0,0,0,2,126,1,0,0,1,1.1,93.994,-36.4,4.857,5191.0,0
5756,40,0,0,3,0,0,0,0,0,0,160,3,0,0,1,1.1,93.994,-36.4,4.857,5191.0,0
4826,46,1,2,2,0,0,0,0,0,2,418,2,0,0,1,1.1,93.994,-36.4,4.8580000000000005,5191.0,0
5583,46,4,0,6,0,0,0,0,0,0,103,1,0,0,1,1.1,93.994,-36.4,4.857,5191.0,0
1015,44,1,0,0,0,1,0,0,0,2,607,1,0,0,1,1.1,93.994,-36.4,4.856,5191.0,0
7708,31,0,0,6,0,0,0,0,0,4,370,3,0,0,1,1.1,93.994,-36.4,4.864,5191.0,0
5638,29,8,1,3,0,0,1,0,0,0,630,1,0,0,1,1.1,93.994,-36.4,4.857,5191.0,0
3693,37,0,1,3,0,1,0,0,0,4,912,1,0,0,1,1.1,93.994,-36.4,4.859,5191.0,0
6577,40,1,1,2,0,0,1,0,0,2,227,1,0,0,1,1.1,93.994,-36.4,4.857,5191.0,0
1750,33,4,1,6,0,0,0,0,0,4,261,1,0,0,1,1.1,93.994,-36.4,4.855,5191.0,0
2562,30,7,1,3,0,0,0,0,0,1,65,1,0,0,1,1.1,93.994,-36.4,4.856,5191.0,0
4741,36,4,0,3,0,0,0,0,0,2,29,1,0,0,1,1.1,93.994,-36.4,4.8580000000000005,5191.0,0
7316,32,7,0,3,0,1,0,0,0,3,52,8,0,0,1,1.1,93.994,-36.4,4.86,5191.0,0
5923,38,2,0,6,0,0,0,0,0,1,322,5,0,0,1,1.1,93.994,-36.4,4.857,5191.0,0
2887,24,7,1,3,0,1,0,0,0,2,977,1,0,0,1,1.1,93.994,-36.4,4.859,5191.0,0
4306,42,9,0,2,0,0,0,0,0,1,618,1,0,0,1,1.1,93.994,-36.4,4.856,5191.0,0
5672,28,0,1,6,0,0,0,0,0,0,108,1,0,0,1,1.1,93.994,-36.4,4.857,5191.0,0
5407,28,0,0,6,0,0,0,0,0,4,63,2,0,0,1,1.1,93.994,-36.4,4.857,5191.0,0
6923,33,7,0,1,0,1,0,0,0,3,148,1,0,0,1,1.1,93.994,-36.4,4.86,5191.0,0
4446,35,10,0,6,0,0,0,0,0,1,592,1,0,0,1,1.1,93.994,-36.4,4.856,5191.0,0
5857,45,1,0,2,0,1,0,0,0,0,365,3,0,0,1,1.1,93.994,-36.4,4.857,5191.0,0
280,47,1,0,1,0,0,0,0,0,0,92,2,0,0,1,1.1,93.994,-36.4,4.857,5191.0,0
1231,49,9,0,5,0,0,0,0,0,3,269,1,0,0,1,1.1,93.994,-36.4,4.855,5191.0,0
1727,33,9,0,5,0,0,0,0,0,4,205,1,0,0,1,1.1,93.994,-36.4,4.855,5191.0,0
3453,50,1,0,2,0,1,0,0,0,3,697,3,0,0,1,1.1,93.994,-36.4,4.86,5191.0,0
2521,41,7,0,2,0,1,1,0,0,1,296,1,0,0,1,1.1,93.994,-36.4,4.856,5191.0,0
3540,37,7,0,3,0,1,0,0,0,4,228,1,0,0,1,1.1,93.994,-36.4,4.859,5191.0,0
3743,31,0,0,6,0,1,0,0,0,4,90,2,0,0,1,1.1,93.994,-36.4,4.859,5191.0,0
4859,26,1,1,0,0,1,1,0,0,2,371,1,0,0,1,1.1,93.994,-36.4,4.8580000000000005,5191.0,0
3776,53,9,0,3,0,0,0,0,0,4,269,2,0,0,1,1.1,93.994,-36.4,4.859,5191.0,0
4128,48,9,2,5,0,0,1,0,0,0,65,3,0,0,1,1.1,93.994,-36.4,4.8580000000000005,5191.0,0
5149,46,0,0,6,0,1,0,0,0,4,28,3,0,0,1,1.1,93.994,-36.4,4.857,5191.0,0
5790,36,6,1,5,0,1,0,0,0,0,113,4,0,0,1,1.1,93.994,-36.4,4.857,5191.0,0
2945,37,9,2,3,0,1,0,0,0,2,95,6,0,0,1,1.1,93.994,-36.4,4.859,5191.0,0
7209,50,0,0,2,0,0,0,0,0,3,752,2,0,0,1,1.1,93.994,-36.4,4.86,5191.0,0
6691,34,1,0,0,0,1,0,0,0,2,116,6,0,0,1,1.1,93.994,-36.4,4.857,5191.0,0
4474,33,0,0,3,0,1,0,0,0,1,742,2,0,0,1,1.1,93.994,-36.4,4.856,5191.0,0
7427,49,0,2,3,0,0,0,0,0,4,132,1,0,0,1,1.1,93.994,-36.4,4.864,5191.0,0
7676,33,4,1,6,0,0,0,0,0,4,101,16,0,0,1,1.1,93.994,-36.4,4.864,5191.0,0
3195,35,2,0,2,0,0,1,0,0,3,165,1,0,0,1,1.1,93.994,-36.4,4.86,5191.0,0
7328,39,1,0,2,0,0,1,0,0,4,67,3,0,0,1,1.1,93.994,-36.4,4.864,5191.0,0
6617,31,1,0,1,0,0,0,0,0,2,174,1,0,0,1,1.1,93.994,-36.4,4.857,5191.0,0
7404,48,1,0,1,0,1,0,0,0,4,290,5,0,0,1,1.1,93.994,-36.4,4.864,5191.0,0
6476,43,1,0,2,0,1,0,0,0,2,141,2,0,0,1,1.1,93.994,-36.4,4.857,5191.0,0
2564,37,9,0,5,0,0,0,0,0,1,34,4,0,0,1,1.1,93.994,-36.4,4.856,5191.0,0
4647,55,0,0,3,0,1,0,0,0,2,339,1,0,0,1,1.1,93.994,-36.4,4.8580000000000005,5191.0,0
6011,33,7,0,3,0,1,1,0,0,1,274,1,0,0,1,1.1,93.994,-36.4,4.857,5191.0,0
7169,37,1,1,5,0,1,0,0,0,3,105,3,0,0,1,1.1,93.994,-36.4,4.86,5191.0,0
6712,34,1,0,2,0,1,0,0,0,2,172,1,0,0,1,1.1,93.994,-36.4,4.857,5191.0,0
6618,49,4,2,6,0,0,0,0,0,2,675,1,0,0,1,1.1,93.994,-36.4,4.857,5191.0,0
2059,54,4,2,6,0,0,0,0,0,0,288,2,0,0,1,1.1,93.994,-36.4,4.857,5191.0,0
2465,59,5,0,6,0,0,0,0,0,1,916,2,0,0,1,1.1,93.994,-36.4,4.856,5191.0,0
7217,38,0,1,2,0,0,1,0,0,3,110,3,0,0,1,1.1,93.994,-36.4,4.86,5191.0,0
5863,24,0,0,2,0,1,0,0,0,0,764,2,0,0,1,1.1,93.994,-36.4,4.857,5191.0,0
1580,28,0,0,3,0,0,0,0,0,4,144,2,0,0,1,1.1,93.994,-36.4,4.855,5191.0,0
5063,26,7,1,2,0,0,1,0,0,4,83,4,0,0,1,1.1,93.994,-36.4,4.857,5191.0,0
1525,29,1,1,3,0,1,1,0,0,3,886,2,0,0,1,1.1,93.994,-36.4,4.855,5191.0,0
4044,42,7,0,5,0,0,0,0,0,0,136,2,0,0,1,1.1,93.994,-36.4,4.8580000000000005,5191.0,0
1543,42,0,0,6,0,1,0,0,0,3,117,3,0,0,1,1.1,93.994,-36.4,4.855,5191.0,0
1610,47,1,1,0,0,0,0,0,0,4,131,1,0,0,1,1.1,93.994,-36.4,4.855,5191.0,0
5077,57,5,1,3,0,1,0,0,0,4,128,1,0,0,1,1.1,93.994,-36.4,4.857,5191.0,0
5972,27,8,1,6,0,1,0,0,0,1,154,1,0,0,1,1.1,93.994,-36.4,4.857,5191.0,0
6096,30,9,2,5,0,1,0,0,0,1,169,1,0,0,1,1.1,93.994,-36.4,4.857,5191.0,0
6431,37,1,1,3,0,0,0,0,0,2,332,1,0,0,1,1.1,93.994,-36.4,4.857,5191.0,0
6066,40,0,1,3,0,0,0,0,0,1,371,2,0,0,1,1.1,93.994,-36.4,4.857,5191.0,0
7787,49,4,0,6,0,0,0,0,1,0,202,1,0,0,1,1.4,94.465,-41.8,4.865,5228.1,0
6570,39,1,0,0,0,1,0,0,0,2,151,3,0,0,1,1.1,93.994,-36.4,4.857,5191.0,0
747,36,7,0,3,0,1,0,0,0,1,128,2,0,0,1,1.1,93.994,-36.4,4.857,5191.0,0
419,34,9,1,6,0,1,0,0,0,1,186,1,0,0,1,1.1,93.994,-36.4,4.857,5191.0,0
3117,31,7,0,3,0,1,0,0,0,3,183,5,0,0,1,1.1,93.994,-36.4,4.86,5191.0,0
914,28,1,0,2,0,0,1,0,0,2,109,1,0,0,1,1.1,93.994,-36.4,4.856,5191.0,0
4323,36,1,0,2,0,0,0,0,0,1,148,1,0,0,1,1.1,93.994,-36.4,4.856,5191.0,0
1011,28,0,1,6,0,0,0,0,0,2,126,1,0,0,1,1.1,93.994,-36.4,4.856,5191.0,0
7409,37,6,0,2,0,0,0,0,0,4,327,1,0,0,1,1.1,93.994,-36.4,4.864,5191.0,0
3917,37,1,1,5,0,0,0,0,0,0,128,1,0,0,1,1.1,93.994,-36.4,4.8580000000000005,5191.0,0
3847,45,4,0,6,0,0,0,0,0,4,255,3,0,0,1,1.1,93.994,-36.4,4.859,5191.0,0
2252,40,3,1,6,0,0,0,0,0,1,160,3,0,0,1,1.1,93.994,-36.4,4.856,5191.0,0
6882,43,10,0,3,0,1,0,0,0,2,585,3,0,0,1,1.1,93.994,-36.4,4.857,5191.0,0
5950,48,1,0,5,0,1,1,0,0,1,231,1,0,0,1,1.1,93.994,-36.4,4.857,5191.0,0
2424,51,0,1,1,0,0,0,0,0,1,470,1,0,0,1,1.1,93.994,-36.4,4.856,5191.0,0
717,56,5,0,3,0,0,0,0,0,1,176,5,0,0,1,1.1,93.994,-36.4,4.857,5191.0,0
4714,34,7,0,3,0,0,0,0,0,2,210,1,0,0,1,1.1,93.994,-36.4,4.8580000000000005,5191.0,0
2432,48,1,0,0,0,1,0,0,0,1,36,1,0,0,1,1.1,93.994,-36.4,4.856,5191.0,0
4832,33,9,0,5,0,1,0,0,0,2,316,1,0,0,1,1.1,93.994,-36.4,4.8580000000000005,5191.0,0
94,42,1,0,1,0,0,1,0,0,0,583,1,0,0,1,1.1,93.994,-36.4,4.857,5191.0,0
7836,42,1,0,1,0,0,0,0,1,0,384,1,0,0,1,1.4,94.465,-41.8,4.865,5228.1,0
310,54,4,2,6,0,1,0,0,0,0,106,3,0,0,1,1.1,93.994,-36.4,4.857,5191.0,0
3972,35,1,0,1,0,1,1,0,0,0,68,1,0,0,1,1.1,93.994,-36.4,4.8580000000000005,5191.0,0
3537,39,9,0,5,0,1,0,0,0,4,159,1,0,0,1,1.1,93.994,-36.4,4.859,5191.0,0
557,40,9,0,0,0,0,0,0,0,1,217,1,0,0,1,1.1,93.994,-36.4,4.857,5191.0,0
838,43,9,0,5,0,1,0,0,0,2,274,4,0,0,1,1.1,93.994,-36.4,4.856,5191.0,0
5700,50,1,1,0,0,1,0,0,0,0,306,3,0,0,1,1.1,93.994,-36.4,4.857,5191.0,0
7503,38,9,0,5,0,0,0,0,0,4,448,1,0,0,1,1.1,93.994,-36.4,4.864,5191.0,0
4828,58,4,1,5,0,0,0,0,0,2,233,1,0,0,1,1.1,93.994,-36.4,4.8580000000000005,5191.0,0
3704,49,6,0,5,0,0,0,0,0,4,374,2,0,0,1,1.1,93.994,-36.4,4.859,5191.0,0
1629,37,9,1,5,0,0,0,0,0,4,120,1,0,0,1,1.1,93.994,-36.4,4.855,5191.0,0
5297,38,0,0,6,0,1,0,0,0,4,411,3,0,0,1,1.1,93.994,-36.4,4.857,5191.0,0
2176,28,0,0,3,0,1,0,0,0,0,55,2,0,0,1,1.1,93.994,-36.4,4.857,5191.0,0
6580,30,7,0,2,0,1,0,0,0,2,821,2,0,0,1,1.1,93.994,-36.4,4.857,5191.0,0
2574,55,9,0,5,0,0,0,0,0,1,58,2,0,0,1,1.1,93.994,-36.4,4.856,5191.0,0
1084,35,1,1,3,0,1,0,0,0,2,245,3,0,0,1,1.1,93.994,-36.4,4.856,5191.0,0
1056,44,0,0,3,0,0,0,0,0,2,228,3,0,0,1,1.1,93.994,-36.4,4.856,5191.0,0
4153,60,0,0,5,0,1,0,0,0,0,324,2,0,0,1,1.1,93.994,-36.4,4.8580000000000005,5191.0,0
2350,49,7,2,2,0,1,0,0,0,1,259,1,0,0,1,1.1,93.994,-36.4,4.856,5191.0,0
2877,35,9,0,5,0,0,0,0,0,2,161,2,0,0,1,1.1,93.994,-36.4,4.859,5191.0,0
7684,28,0,1,6,0,1,1,0,0,4,163,3,0,0,1,1.1,93.994,-36.4,4.864,5191.0,0
4539,55,0,0,3,0,0,0,0,0,1,239,2,0,0,1,1.1,93.994,-36.4,4.856,5191.0,0
7183,30,0,1,6,0,1,0,0,0,3,68,1,0,0,1,1.1,93.994,-36.4,4.86,5191.0,0
2291,28,1,1,2,0,1,0,0,0,1,49,1,0,0,1,1.1,93.994,-36.4,4.856,5191.0,0
1474,35,1,0,2,0,1,0,0,0,3,191,2,0,0,1,1.1,93.994,-36.4,4.855,5191.0,0
4866,40,7,2,3,0,0,0,0,0,2,172,2,0,0,1,1.1,93.994,-36.4,4.8580000000000005,5191.0,0
6390,39,9,0,5,0,0,0,0,0,1,73,5,0,0,1,1.1,93.994,-36.4,4.857,5191.0,0
4857,35,9,0,5,0,0,0,0,0,2,450,1,0,0,1,1.1,93.994,-36.4,4.8580000000000005,5191.0,0
937,48,4,2,6,0,1,0,0,0,2,866,2,0,0,1,1.1,93.994,-36.4,4.856,5191.0,0
4961,32,1,0,1,0,0,1,0,0,2,36,2,0,0,1,1.1,93.994,-36.4,4.8580000000000005,5191.0,0
6146,42,9,2,2,0,0,0,0,0,1,474,1,0,0,1,1.1,93.994,-36.4,4.857,5191.0,0
4189,34,1,0,2,0,1,0,0,0,0,360,2,0,0,1,1.1,93.994,-36.4,4.8580000000000005,5191.0,0
2370,39,6,1,6,0,0,0,0,0,1,311,1,0,0,1,1.1,93.994,-36.4,4.856,5191.0,0
3255,57,9,2,0,0,1,0,0,0,3,452,2,0,0,1,1.1,93.994,-36.4,4.86,5191.0,0
1530,31,0,1,6,0,0,1,0,0,3,515,3,0,0,1,1.1,93.994,-36.4,4.855,5191.0,0
5103,28,9,2,6,0,0,0,0,0,4,193,2,0,0,1,1.1,93.994,-36.4,4.857,5191.0,0
900,34,9,2,5,0,1,0,0,0,2,296,2,0,0,1,1.1,93.994,-36.4,4.856,5191.0,0
5572,42,3,0,0,0,1,0,0,0,0,130,1,0,0,1,1.1,93.994,-36.4,4.857,5191.0,0
5899,27,1,0,0,0,1,0,0,0,0,51,5,0,0,1,1.1,93.994,-36.4,4.857,5191.0,0
4960,38,10,2,6,0,1,0,0,0,2,152,3,0,0,1,1.1,93.994,-36.4,4.8580000000000005,5191.0,0
2160,29,0,1,3,0,1,0,0,0,0,115,1,0,0,1,1.1,93.994,-36.4,4.857,5191.0,0
2638,25,1,0,2,0,0,0,0,0,1,816,3,0,0,1,1.1,93.994,-36.4,4.856,5191.0,1
4990,32,0,1,6,0,0,0,0,0,2,81,2,0,0,1,1.1,93.994,-36.4,4.8580000000000005,5191.0,0
2361,36,2,0,6,0,1,0,0,0,1,135,1,0,0,1,1.1,93.994,-36.4,4.856,5191.0,0
533,35,1,0,2,0,0,0,0,0,1,79,2,0,0,1,1.1,93.994,-36.4,4.857,5191.0,0
5053,39,0,0,3,0,1,0,0,0,4,433,3,0,0,1,1.1,93.994,-36.4,4.857,5191.0,0
2043,44,1,0,5,0,0,0,0,0,0,94,2,0,0,1,1.1,93.994,-36.4,4.857,5191.0,0
7294,39,1,0,0,0,1,1,0,0,3,81,4,0,0,1,1.1,93.994,-36.4,4.86,5191.0,0
5247,33,7,1,3,0,1,0,0,0,4,466,2,0,0,1,1.1,93.994,-36.4,4.857,5191.0,0
2080,40,3,1,6,0,0,1,0,0,0,539,1,0,0,1,1.1,93.994,-36.4,4.857,5191.0,0
6900,52,5,0,0,0,1,0,0,0,3,138,1,0,0,1,1.1,93.994,-36.4,4.86,5191.0,0
3610,29,3,1,3,0,0,0,0,0,4,125,1,0,0,1,1.1,93.994,-36.4,4.859,5191.0,0
6596,33,1,0,1,0,1,0,0,0,2,289,1,0,0,1,1.1,93.994,-36.4,4.857,5191.0,0
1646,33,0,2,2,0,0,0,0,0,4,93,1,0,0,1,1.1,93.994,-36.4,4.855,5191.0,0
2121,32,4,0,3,0,1,0,0,0,0,132,1,0,0,1,1.1,93.994,-36.4,4.857,5191.0,0
430,43,6,2,6,0,0,0,0,0,1,87,1,0,0,1,1.1,93.994,-36.4,4.857,5191.0,0
4744,38,4,0,6,0,1,0,0,0,2,290,2,0,0,1,1.1,93.994,-36.4,4.8580000000000005,5191.0,0
6856,43,0,1,3,0,0,1,0,0,2,171,5,0,0,1,1.1,93.994,-36.4,4.857,5191.0,0
7520,36,10,0,2,0,0,0,0,0,4,363,8,0,0,1,1.1,93.994,-36.4,4.864,5191.0,0
3174,42,7,2,1,0,1,0,0,0,3,1074,1,0,0,1,1.1,93.994,-36.4,4.86,5191.0,0
7135,40,0,1,3,0,1,0,0,0,3,1047,2,0,0,1,1.1,93.994,-36.4,4.86,5191.0,0
2248,32,1,0,2,0,0,0,0,0,1,85,2,0,0,1,1.1,93.994,-36.4,4.856,5191.0,0
6372,56,0,2,3,0,1,0,0,0,1,196,3,0,0,1,1.1,93.994,-36.4,4.857,5191.0,0
6976,48,9,0,3,0,0,0,0,0,3,418,8,0,0,1,1.1,93.994,-36.4,4.86,5191.0,0
2573,35,7,0,3,0,0,0,0,0,1,159,2,0,0,1,1.1,93.994,-36.4,4.856,5191.0,0
635,45,9,1,5,0,1,0,0,0,1,37,2,0,0,1,1.1,93.994,-36.4,4.857,5191.0,0
5926,52,9,2,6,0,0,0,0,0,1,99,3,0,0,1,1.1,93.994,-36.4,4.857,5191.0,0
3054,46,0,2,6,0,1,0,0,0,2,276,4,0,0,1,1.1,93.994,-36.4,4.859,5191.0,0
7460,42,10,2,3,0,0,0,0,0,4,275,2,0,0,1,1.1,93.994,-36.4,4.864,5191.0,0
5590,37,7,0,3,0,0,0,0,0,0,63,1,0,0,1,1.1,93.994,-36.4,4.857,5191.0,0
6967,38,9,2,5,0,1,0,0,0,3,1093,1,0,0,1,1.1,93.994,-36.4,4.86,5191.0,0
1643,46,0,0,6,0,1,1,0,0,4,375,2,0,0,1,1.1,93.994,-36.4,4.855,5191.0,0
3714,52,4,0,6,0,1,0,0,0,4,412,1,0,0,1,1.1,93.994,-36.4,4.859,5191.0,0
6195,31,1,0,2,0,0,0,0,0,1,301,1,0,0,1,1.1,93.994,-36.4,4.857,5191.0,0
2598,47,4,2,6,0,0,0,0,0,1,198,2,0,0,1,1.1,93.994,-36.4,4.856,5191.0,0
6398,35,1,0,3,0,0,1,0,0,1,108,3,0,0,1,1.1,93.994,-36.4,4.857,5191.0,0
6159,35,9,0,5,0,0,0,0,0,1,211,1,0,0,1,1.1,93.994,-36.4,4.857,5191.0,0
3857,48,1,0,2,0,1,0,0,0,4,167,2,0,0,1,1.1,93.994,-36.4,4.859,5191.0,0
4980,34,7,0,2,0,1,1,0,0,2,369,2,0,0,1,1.1,93.994,-36.4,4.8580000000000005,5191.0,0
4120,45,2,0,2,0,0,0,0,0,0,34,9,0,0,1,1.1,93.994,-36.4,4.8580000000000005,5191.0,0
601,48,1,0,2,0,0,0,0,0,1,284,2,0,0,1,1.1,93.994,-36.4,4.857,5191.0,0
6036,43,2,0,0,0,1,0,0,0,1,296,2,0,0,1,1.1,93.994,-36.4,4.857,5191.0,0
1960,53,0,2,3,0,1,0,0,0,4,64,4,0,0,1,1.1,93.994,-36.4,4.855,5191.0,0
6549,37,6,0,5,0,1,1,0,0,2,268,1,0,0,1,1.1,93.994,-36.4,4.857,5191.0,0
7537,31,0,0,3,0,0,0,0,0,4,170,1,0,0,1,1.1,93.994,-36.4,4.864,5191.0,0
5929,56,2,0,6,0,1,0,0,0,1,148,4,0,0,1,1.1,93.994,-36.4,4.857,5191.0,0
977,32,2,2,6,0,0,0,0,0,2,96,1,0,0,1,1.1,93.994,-36.4,4.856,5191.0,0
7547,34,0,0,6,0,0,0,0,0,4,371,2,0,0,1,1.1,93.994,-36.4,4.864,5191.0,0
2233,45,2,0,2,0,0,0,0,0,0,249,4,0,0,1,1.1,93.994,-36.4,4.857,5191.0,0
7365,36,0,1,6,0,0,0,0,0,4,147,5,0,0,1,1.1,93.994,-36.4,4.864,5191.0,0
1798,53,6,0,6,0,0,0,0,0,4,404,2,0,0,1,1.1,93.994,-36.4,4.855,5191.0,0
4375,57,5,0,6,0,1,0,0,0,1,177,1,0,0,1,1.1,93.994,-36.4,4.856,5191.0,0
2559,51,2,0,2,0,1,0,0,0,1,142,2,0,0,1,1.1,93.994,-36.4,4.856,5191.0,0
6696,31,0,0,3,0,0,0,0,0,2,469,3,0,0,1,1.1,93.994,-36.4,4.857,5191.0,0
575,42,0,0,3,0,0,0,0,0,1,695,3,0,0,1,1.1,93.994,-36.4,4.857,5191.0,0
5060,39,9,2,5,0,1,0,0,0,4,363,2,0,0,1,1.1,93.994,-36.4,4.857,5191.0,0
1363,25,9,1,5,0,0,0,0,0,3,22,1,0,0,1,1.1,93.994,-36.4,4.855,5191.0,0
114,37,4,0,6,0,0,0,0,0,0,337,2,0,0,1,1.1,93.994,-36.4,4.857,5191.0,0
3867,30,0,0,6,0,0,0,0,0,4,294,4,0,0,1,1.1,93.994,-36.4,4.859,5191.0,0
1186,38,6,1,6,0,0,0,0,0,3,238,1,0,0,1,1.1,93.994,-36.4,4.855,5191.0,0
7091,38,0,0,3,0,1,0,0,0,3,26,3,0,0,1,1.1,93.994,-36.4,4.86,5191.0,0
4388,22,1,1,2,0,1,0,0,0,1,396,1,0,0,1,1.1,93.994,-36.4,4.856,5191.0,0
5176,51,4,0,6,0,1,0,0,0,4,317,1,0,0,1,1.1,93.994,-36.4,4.857,5191.0,0
2640,23,1,0,5,0,1,0,0,0,1,116,4,0,0,1,1.1,93.994,-36.4,4.856,5191.0,0
6787,21,9,1,5,0,0,1,0,0,2,109,2,0,0,1,1.1,93.994,-36.4,4.857,5191.0,0
3780,33,7,1,3,0,0,0,0,0,4,326,1,0,0,1,1.1,93.994,-36.4,4.859,5191.0,0
7119,43,1,0,2,0,0,0,0,0,3,13,3,0,0,1,1.1,93.994,-36.4,4.86,5191.0,0
7832,35,1,0,1,0,1,1,0,1,0,64,1,0,0,1,1.4,94.465,-41.8,4.865,5228.1,0
4679,22,7,1,0,0,0,0,0,0,2,91,1,0,0,1,1.1,93.994,-36.4,4.8580000000000005,5191.0,0
2853,40,1,0,3,0,0,0,0,0,2,1028,2,0,0,1,1.1,93.994,-36.4,4.859,5191.0,0
5471,46,0,1,6,0,0,1,0,0,4,105,4,0,0,1,1.1,93.994,-36.4,4.857,5191.0,0
3622,40,0,0,6,0,0,0,0,0,4,214,1,0,0,1,1.1,93.994,-36.4,4.859,5191.0,0
5122,33,1,0,1,0,0,0,0,0,4,152,1,0,0,1,1.1,93.994,-36.4,4.857,5191.0,0
3529,28,1,1,2,0,0,1,0,0,4,28,4,0,0,1,1.1,93.994,-36.4,4.859,5191.0,0
1352,33,4,0,6,0,0,0,0,0,3,178,2,0,0,1,1.1,93.994,-36.4,4.855,5191.0,0
2600,36,7,0,3,0,0,0,0,0,1,168,2,0,0,1,1.1,93.994,-36.4,4.856,5191.0,0
3632,33,7,0,3,0,1,0,0,0,4,211,2,0,0,1,1.1,93.994,-36.4,4.859,5191.0,0
4126,32,9,0,5,0,0,1,0,0,0,142,3,0,0,1,1.1,93.994,-36.4,4.8580000000000005,5191.0,0
7667,47,0,0,3,0,1,0,0,0,4,352,3,0,0,1,1.1,93.994,-36.4,4.864,5191.0,0
6547,48,0,2,3,0,1,0,0,0,2,507,1,0,0,1,1.1,93.994,-36.4,4.857,5191.0,0
2492,33,4,1,6,0,1,1,0,0,1,160,3,0,0,1,1.1,93.994,-36.4,4.856,5191.0,0
6010,38,10,1,3,0,1,0,0,0,1,597,3,0,0,1,1.1,93.994,-36.4,4.857,5191.0,0
264,42,0,0,6,0,0,0,0,0,0,67,2,0,0,1,1.1,93.994,-36.4,4.857,5191.0,0
5872,31,4,1,3,0,1,0,0,0,0,159,2,0,0,1,1.1,93.994,-36.4,4.857,5191.0,0
7533,23,7,1,3,0,0,0,0,0,4,557,2,0,0,1,1.1,93.994,-36.4,4.864,5191.0,0
3456,29,9,1,5,0,1,1,0,0,3,118,4,0,0,1,1.1,93.994,-36.4,4.86,5191.0,0
6279,43,0,0,3,0,0,1,0,0,1,315,2,0,0,1,1.1,93.994,-36.4,4.857,5191.0,0
392,35,0,0,6,0,0,0,0,0,1,144,1,0,0,1,1.1,93.994,-36.4,4.857,5191.0,0
5696,33,9,2,5,0,1,0,0,0,0,147,3,0,0,1,1.1,93.994,-36.4,4.857,5191.0,0
1513,28,0,1,6,0,1,0,0,0,3,393,2,0,0,1,1.1,93.994,-36.4,4.855,5191.0,0
6180,31,0,0,6,0,1,0,0,0,1,99,1,0,0,1,1.1,93.994,-36.4,4.857,5191.0,0
4470,58,5,0,0,0,1,0,0,0,1,188,3,0,0,1,1.1,93.994,-36.4,4.856,5191.0,0
6788,39,2,2,3,0,0,0,0,0,2,52,2,0,0,1,1.1,93.994,-36.4,4.857,5191.0,0
7717,32,0,1,3,0,1,0,0,0,4,891,4,0,0,1,1.1,93.994,-36.4,4.864,5191.0,0
979,34,2,0,0,0,1,0,0,0,2,474,1,0,0,1,1.1,93.994,-36.4,4.856,5191.0,0
3849,56,2,0,6,0,1,0,0,0,4,428,2,0,0,1,1.1,93.994,-36.4,4.859,5191.0,0
621,47,9,0,5,0,0,0,0,0,1,79,4,0,0,1,1.1,93.994,-36.4,4.857,5191.0,0
1491,37,1,0,5,0,1,0,0,0,3,112,3,0,0,1,1.1,93.994,-36.4,4.855,5191.0,0
410,41,0,0,3,0,0,0,0,0,1,483,1,0,0,1,1.1,93.994,-36.4,4.857,5191.0,0
7356,40,0,0,3,0,1,1,0,0,4,498,4,0,0,1,1.1,93.994,-36.4,4.864,5191.0,0
6379,30,2,1,3,0,0,0,0,0,1,77,4,0,0,1,1.1,93.994,-36.4,4.857,5191.0,0
7476,44,1,0,0,0,1,0,0,0,4,151,2,0,0,1,1.1,93.994,-36.4,4.864,5191.0,0
1709,29,1,1,2,0,0,0,0,0,4,479,2,0,0,1,1.1,93.994,-36.4,4.855,5191.0,0
1168,41,3,0,1,0,0,0,0,0,3,142,1,0,0,1,1.1,93.994,-36.4,4.855,5191.0,0
6056,26,9,1,5,0,0,0,0,0,1,446,1,0,0,1,1.1,93.994,-36.4,4.857,5191.0,0
175,46,4,0,2,0,0,0,0,0,0,128,2,0,0,1,1.1,93.994,-36.4,4.857,5191.0,0
7360,30,0,0,6,0,1,0,0,0,4,242,3,0,0,1,1.1,93.994,-36.4,4.864,5191.0,0
3019,30,0,0,6,0,1,0,0,0,2,303,4,0,0,1,1.1,93.994,-36.4,4.859,5191.0,0
3793,28,0,1,6,0,1,0,0,0,4,315,3,0,0,1,1.1,93.994,-36.4,4.859,5191.0,0
3014,55,0,0,3,0,1,0,0,0,2,133,4,0,0,1,1.1,93.994,-36.4,4.859,5191.0,0
7621,39,1,0,2,0,0,0,0,0,4,199,3,0,0,1,1.1,93.994,-36.4,4.864,5191.0,0
7019,31,0,0,6,0,1,0,0,0,3,102,4,0,0,1,1.1,93.994,-36.4,4.86,5191.0,0
2913,26,8,1,6,0,1,0,0,0,2,217,1,0,0,1,1.1,93.994,-36.4,4.859,5191.0,0
2064,39,0,0,6,0,0,0,0,0,0,744,6,0,0,1,1.1,93.994,-36.4,4.857,5191.0,0
5503,43,7,0,3,0,1,0,0,0,0,312,1,0,0,1,1.1,93.994,-36.4,4.857,5191.0,0
6322,24,1,1,2,0,0,0,0,0,1,282,2,0,0,1,1.1,93.994,-36.4,4.857,5191.0,0
2288,33,6,0,6,0,1,0,0,0,1,50,1,0,0,1,1.1,93.994,-36.4,4.856,5191.0,0
6752,36,1,0,2,0,0,0,0,0,2,389,4,0,0,1,1.1,93.994,-36.4,4.857,5191.0,0
4644,39,3,0,6,0,0,0,0,0,2,174,1,0,0,1,1.1,93.994,-36.4,4.8580000000000005,5191.0,0
5629,44,7,2,3,0,0,0,0,0,0,470,1,0,0,1,1.1,93.994,-36.4,4.857,5191.0,0
5373,35,8,1,3,0,1,0,0,0,4,160,3,0,0,1,1.1,93.994,-36.4,4.857,5191.0,0
1393,36,6,1,1,0,0,0,0,0,3,180,2,0,0,1,1.1,93.994,-36.4,4.855,5191.0,0
1566,35,0,0,6,0,1,0,0,0,3,379,4,0,0,1,1.1,93.994,-36.4,4.855,5191.0,0
3143,29,7,0,3,0,1,0,0,0,3,558,6,0,0,1,1.1,93.994,-36.4,4.86,5191.0,0
4977,30,1,0,2,0,1,0,0,0,2,139,2,0,0,1,1.1,93.994,-36.4,4.8580000000000005,5191.0,0
211,55,3,2,6,0,0,0,0,0,0,286,1,0,0,1,1.1,93.994,-36.4,4.857,5191.0,0
6315,52,1,0,0,0,1,0,0,0,1,336,10,0,0,1,1.1,93.994,-36.4,4.857,5191.0,0
7036,43,1,0,0,0,1,0,0,0,3,609,2,0,0,1,1.1,93.994,-36.4,4.86,5191.0,0
3015,41,0,1,3,0,0,0,0,0,2,594,2,0,0,1,1.1,93.994,-36.4,4.859,5191.0,0
155,36,1,0,2,0,1,1,0,0,0,98,1,0,0,1,1.1,93.994,-36.4,4.857,5191.0,0
1600,39,10,0,3,0,0,0,0,0,4,241,1,0,0,1,1.1,93.994,-36.4,4.855,5191.0,0
3742,36,1,0,2,0,0,0,0,0,4,123,3,0,0,1,1.1,93.994,-36.4,4.859,5191.0,0
1310,37,9,1,6,0,1,0,0,0,3,237,1,0,0,1,1.1,93.994,-36.4,4.855,5191.0,0
2762,52,4,0,5,0,1,0,0,0,2,456,9,0,0,1,1.1,93.994,-36.4,4.859,5191.0,0
367,57,0,2,2,0,0,0,0,0,1,306,1,0,0,1,1.1,93.994,-36.4,4.857,5191.0,0
6386,27,0,2,3,0,1,0,0,0,1,206,2,0,0,1,1.1,93.994,-36.4,4.857,5191.0,0
861,42,1,0,1,0,0,0,0,0,2,287,1,0,0,1,1.1,93.994,-36.4,4.856,5191.0,0
1604,30,1,0,0,0,0,0,0,0,4,371,1,0,0,1,1.1,93.994,-36.4,4.855,5191.0,0
6624,31,2,1,2,0,0,0,0,0,2,232,4,0,0,1,1.1,93.994,-36.4,4.857,5191.0,0
5065,41,1,2,1,0,0,0,0,0,4,245,1,0,0,1,1.1,93.994,-36.4,4.857,5191.0,0
4379,31,0,1,6,0,1,0,0,0,1,151,1,0,0,1,1.1,93.994,-36.4,4.856,5191.0,0
246,32,9,1,5,0,0,0,0,0,0,79,1,0,0,1,1.1,93.994,-36.4,4.857,5191.0,0
4936,31,9,0,3,0,1,0,0,0,2,69,4,0,0,1,1.1,93.994,-36.4,4.8580000000000005,5191.0,0
7698,53,7,0,0,0,0,0,0,0,4,86,5,0,0,1,1.1,93.994,-36.4,4.864,5191.0,0
647,37,1,0,3,0,0,0,0,0,1,191,1,0,0,1,1.1,93.994,-36.4,4.857,5191.0,0
3112,58,4,2,6,0,0,0,0,0,3,415,7,0,0,1,1.1,93.994,-36.4,4.86,5191.0,0
3907,30,7,0,3,0,1,0,0,0,0,92,2,0,0,1,1.1,93.994,-36.4,4.8580000000000005,5191.0,0
7350,28,7,0,3,0,1,0,0,0,4,133,4,0,0,1,1.1,93.994,-36.4,4.864,5191.0,0
3739,32,1,0,2,0,0,0,0,0,4,200,2,0,0,1,1.1,93.994,-36.4,4.859,5191.0,0
6591,29,0,1,3,0,1,0,0,0,2,143,2,0,0,1,1.1,93.994,-36.4,4.857,5191.0,0
1524,29,0,1,6,0,0,0,0,0,3,141,2,0,0,1,1.1,93.994,-36.4,4.855,5191.0,0
7092,45,9,0,5,0,0,0,0,0,3,455,2,0,0,1,1.1,93.994,-36.4,4.86,5191.0,0
2933,36,1,0,2,0,0,0,0,0,2,95,1,0,0,1,1.1,93.994,-36.4,4.859,5191.0,0
2545,35,0,1,6,0,1,1,0,0,1,195,2,0,0,1,1.1,93.994,-36.4,4.856,5191.0,0
5027,37,7,0,3,0,1,1,0,0,2,521,3,0,0,1,1.1,93.994,-36.4,4.8580000000000005,5191.0,0
2367,34,0,0,6,0,0,0,0,0,1,1167,1,0,0,1,1.1,93.994,-36.4,4.856,5191.0,0
3715,24,0,0,3,0,1,0,0,0,4,376,2,0,0,1,1.1,93.994,-36.4,4.859,5191.0,0
7334,46,4,0,2,0,0,0,0,0,4,43,1,0,0,1,1.1,93.994,-36.4,4.864,5191.0,0
6932,33,0,0,3,0,1,0,0,0,3,41,1,0,0,1,1.1,93.994,-36.4,4.86,5191.0,0
2169,31,0,0,3,0,0,0,0,0,0,220,3,0,0,1,1.1,93.994,-36.4,4.857,5191.0,0
4447,57,9,0,2,0,1,0,0,0,1,412,1,0,0,1,1.1,93.994,-36.4,4.856,5191.0,0
4345,49,9,0,5,0,1,0,0,0,1,447,1,0,0,1,1.1,93.994,-36.4,4.856,5191.0,0
6575,20,2,1,3,0,0,1,0,0,2,680,1,0,0,1,1.1,93.994,-36.4,4.857,5191.0,0
2905,40,1,0,1,0,1,0,0,0,2,927,1,0,0,1,1.1,93.994,-36.4,4.859,5191.0,0
5660,56,5,0,3,0,1,0,0,0,0,167,3,0,0,1,1.1,93.994,-36.4,4.857,5191.0,0
743,44,9,1,5,0,1,1,0,0,1,139,2,0,0,1,1.1,93.994,-36.4,4.857,5191.0,0
1122,31,1,0,2,0,0,0,0,0,2,196,2,0,0,1,1.1,93.994,-36.4,4.856,5191.0,0
1850,32,0,1,6,0,0,0,0,0,4,188,2,0,0,1,1.1,93.994,-36.4,4.855,5191.0,0
4945,28,0,1,3,0,1,0,0,0,2,292,2,0,0,1,1.1,93.994,-36.4,4.8580000000000005,5191.0,0
7758,48,10,0,1,0,0,1,0,0,4,58,3,0,0,1,1.1,93.994,-36.4,4.864,5191.0,0
5887,29,7,2,3,0,0,1,0,0,0,251,11,0,0,1,1.1,93.994,-36.4,4.857,5191.0,0
5311,31,7,1,5,0,0,0,0,0,4,111,1,0,0,1,1.1,93.994,-36.4,4.857,5191.0,0
3990,37,1,0,1,0,0,0,0,0,0,168,1,0,0,1,1.1,93.994,-36.4,4.8580000000000005,5191.0,0
4014,41,9,0,6,0,0,0,0,0,0,156,5,0,0,1,1.1,93.994,-36.4,4.8580000000000005,5191.0,0
4483,30,6,0,5,0,0,0,0,0,1,190,2,0,0,1,1.1,93.994,-36.4,4.856,5191.0,0
2225,35,7,0,3,0,0,0,0,0,0,159,3,0,0,1,1.1,93.994,-36.4,4.857,5191.0,0
6280,30,6,0,2,0,0,0,0,0,1,3094,2,0,0,1,1.1,93.994,-36.4,4.857,5191.0,1
3617,53,1,0,2,0,0,0,0,0,4,130,2,0,0,1,1.1,93.994,-36.4,4.859,5191.0,0
3675,28,0,0,6,0,0,0,0,0,4,161,3,0,0,1,1.1,93.994,-36.4,4.859,5191.0,0
548,34,0,1,6,0,1,1,0,0,1,26,1,0,0,1,1.1,93.994,-36.4,4.857,5191.0,0
5691,29,9,0,6,0,0,0,0,0,0,182,5,0,0,1,1.1,93.994,-36.4,4.857,5191.0,0
4545,33,1,1,2,0,0,0,0,0,1,16,10,0,0,1,1.1,93.994,-36.4,4.856,5191.0,0
4824,31,0,0,3,0,0,0,0,0,2,189,2,0,0,1,1.1,93.994,-36.4,4.8580000000000005,5191.0,0
4399,30,1,1,3,0,1,0,0,0,1,309,1,0,0,1,1.1,93.994,-36.4,4.856,5191.0,0
6005,31,0,1,3,0,0,0,0,0,1,35,1,0,0,1,1.1,93.994,-36.4,4.857,5191.0,0
122,41,7,0,3,0,0,0,0,0,0,139,1,0,0,1,1.1,93.994,-36.4,4.857,5191.0,0
3789,32,0,1,6,0,1,0,0,0,4,467,1,0,0,1,1.1,93.994,-36.4,4.859,5191.0,0
3564,29,1,1,3,0,1,0,0,0,4,803,1,0,0,1,1.1,93.994,-36.4,4.859,5191.0,0
3581,29,1,1,1,0,0,0,0,0,4,213,1,0,0,1,1.1,93.994,-36.4,4.859,5191.0,0
2086,42,4,0,6,0,0,0,0,0,0,64,1,0,0,1,1.1,93.994,-36.4,4.857,5191.0,0
4978,26,7,2,1,0,0,0,0,0,2,281,15,0,0,1,1.1,93.994,-36.4,4.8580000000000005,5191.0,0
4767,53,5,2,3,0,1,0,0,0,2,111,3,0,0,1,1.1,93.994,-36.4,4.8580000000000005,5191.0,0
4796,40,0,0,6,0,1,1,0,0,2,786,2,0,0,1,1.1,93.994,-36.4,4.8580000000000005,5191.0,0
1998,47,7,2,3,0,1,0,0,0,0,289,5,0,0,1,1.1,93.994,-36.4,4.857,5191.0,0
407,39,0,0,3,0,1,0,0,0,1,203,2,0,0,1,1.1,93.994,-36.4,4.857,5191.0,0
4175,27,1,0,2,0,1,0,0,0,0,110,2,0,0,1,1.1,93.994,-36.4,4.8580000000000005,5191.0,0
4025,28,1,0,1,0,0,0,0,0,0,228,1,0,0,1,1.1,93.994,-36.4,4.8580000000000005,5191.0,0
1151,41,0,0,3,0,1,1,0,0,3,223,2,0,0,1,1.1,93.994,-36.4,4.855,5191.0,0
6348,24,1,1,2,0,1,0,0,0,1,112,4,0,0,1,1.1,93.994,-36.4,4.857,5191.0,0
7781,30,7,0,3,0,0,0,0,1,0,360,2,0,0,1,1.4,94.465,-41.8,4.865,5228.1,0
6076,41,0,2,3,0,0,0,0,0,1,293,2,0,0,1,1.1,93.994,-36.4,4.857,5191.0,0
2767,55,0,0,3,0,0,1,0,0,2,213,1,0,0,1,1.1,93.994,-36.4,4.859,5191.0,0
7280,51,1,0,2,0,0,0,0,0,3,191,5,0,0,1,1.1,93.994,-36.4,4.86,5191.0,0
736,56,5,0,0,0,0,0,0,0,1,55,2,0,0,1,1.1,93.994,-36.4,4.857,5191.0,0
6393,53,2,1,2,0,0,0,0,0,1,144,7,0,0,1,1.1,93.994,-36.4,4.857,5191.0,0
7788,38,1,0,3,0,1,1,0,1,0,192,8,0,0,1,1.4,94.465,-41.8,4.865,5228.1,0
1506,30,9,0,5,0,0,0,0,0,3,390,3,0,0,1,1.1,93.994,-36.4,4.855,5191.0,0
7769,42,0,0,6,0,0,0,0,1,0,130,2,0,0,1,1.4,94.465,-41.8,4.865,5228.1,0
6545,31,7,0,3,0,1,0,0,0,2,119,5,0,0,1,1.1,93.994,-36.4,4.857,5191.0,0
3349,29,0,1,6,0,0,0,0,0,3,22,3,0,0,1,1.1,93.994,-36.4,4.86,5191.0,0
692,54,5,0,3,0,1,0,0,0,1,234,2,0,0,1,1.1,93.994,-36.4,4.857,5191.0,0
1013,51,2,0,6,0,0,0,0,0,2,98,1,0,0,1,1.1,93.994,-36.4,4.856,5191.0,0
3318,31,2,0,3,0,1,0,0,0,3,168,1,0,0,1,1.1,93.994,-36.4,4.86,5191.0,0
6931,35,0,0,3,0,1,0,0,0,3,52,1,0,0,1,1.1,93.994,-36.4,4.86,5191.0,0
1645,41,0,1,6,0,0,0,0,0,4,45,1,0,0,1,1.1,93.994,-36.4,4.855,5191.0,0
3049,36,7,0,3,0,0,1,0,0,2,166,5,0,0,1,1.1,93.994,-36.4,4.859,5191.0,0
3002,36,1,0,2,0,0,0,0,0,2,360,2,0,0,1,1.1,93.994,-36.4,4.859,5191.0,0
5388,33,0,0,3,0,0,0,0,0,4,159,3,0,0,1,1.1,93.994,-36.4,4.857,5191.0,0
7480,30,7,0,3,0,0,0,0,0,4,274,1,0,0,1,1.1,93.994,-36.4,4.864,5191.0,0
5978,42,7,0,5,0,1,0,0,0,1,1205,1,0,0,1,1.1,93.994,-36.4,4.857,5191.0,0
7486,31,7,0,3,0,0,0,0,0,4,1269,1,0,0,1,1.1,93.994,-36.4,4.864,5191.0,1
2903,32,7,1,3,0,0,0,0,0,2,380,4,0,0,1,1.1,93.994,-36.4,4.859,5191.0,0
5623,43,7,0,3,0,0,0,0,0,0,77,1,0,0,1,1.1,93.994,-36.4,4.857,5191.0,0
7081,36,1,1,3,0,0,0,0,0,3,164,3,0,0,1,1.1,93.994,-36.4,4.86,5191.0,0
622,35,9,0,5,0,0,0,0,0,1,262,3,0,0,1,1.1,93.994,-36.4,4.857,5191.0,0
6803,33,0,2,6,0,1,0,0,0,2,1277,2,0,0,1,1.1,93.994,-36.4,4.857,5191.0,1
1126,50,4,0,6,0,1,0,0,0,2,281,2,0,0,1,1.1,93.994,-36.4,4.856,5191.0,0
4,56,7,0,3,0,0,1,0,0,0,307,1,0,0,1,1.1,93.994,-36.4,4.857,5191.0,0
6988,43,2,0,0,0,1,0,0,0,3,199,1,0,0,1,1.1,93.994,-36.4,4.86,5191.0,0
2369,32,0,2,3,0,0,0,0,0,1,325,1,0,0,1,1.1,93.994,-36.4,4.856,5191.0,0
4138,28,4,0,6,0,0,0,0,0,0,134,3,0,0,1,1.1,93.994,-36.4,4.8580000000000005,5191.0,0
2159,48,1,0,2,0,1,0,0,0,0,262,2,0,0,1,1.1,93.994,-36.4,4.857,5191.0,0
99,44,1,0,1,0,0,0,0,0,0,257,1,0,0,1,1.1,93.994,-36.4,4.857,5191.0,0
2639,36,2,0,1,0,1,0,0,0,1,284,2,0,0,1,1.1,93.994,-36.4,4.856,5191.0,0
1759,24,7,1,3,0,0,1,0,0,4,134,1,0,0,1,1.1,93.994,-36.4,4.855,5191.0,0
7654,43,4,0,6,0,1,0,0,0,4,339,4,0,0,1,1.1,93.994,-36.4,4.864,5191.0,0
7240,36,1,0,2,0,1,0,0,0,3,55,2,0,0,1,1.1,93.994,-36.4,4.86,5191.0,0
4842,29,1,0,2,0,1,0,0,0,2,492,1,0,0,1,1.1,93.994,-36.4,4.8580000000000005,5191.0,0
1368,45,4,0,6,0,1,1,0,0,3,807,2,0,0,1,1.1,93.994,-36.4,4.855,5191.0,0
7653,44,9,0,3,0,1,0,0,0,4,363,7,0,0,1,1.1,93.994,-36.4,4.864,5191.0,0
2065,32,1,0,5,0,0,0,0,0,0,202,1,0,0,1,1.1,93.994,-36.4,4.857,5191.0,0
3719,33,1,1,2,0,1,0,0,0,4,155,3,0,0,1,1.1,93.994,-36.4,4.859,5191.0,0
7111,49,9,0,5,0,0,0,0,0,3,417,2,0,0,1,1.1,93.994,-36.4,4.86,5191.0,0
2730,57,1,2,5,0,0,0,0,0,2,106,1,0,0,1,1.1,93.994,-36.4,4.859,5191.0,0
675,43,0,0,5,0,0,1,0,0,1,221,2,0,0,1,1.1,93.994,-36.4,4.857,5191.0,0
7384,25,0,0,6,0,0,0,0,0,4,56,1,0,0,1,1.1,93.994,-36.4,4.864,5191.0,0
7807,48,2,0,0,0,0,1,0,1,0,215,1,0,0,1,1.4,94.465,-41.8,4.865,5228.1,0
5911,49,1,0,3,0,0,0,0,0,0,560,4,0,0,1,1.1,93.994,-36.4,4.857,5191.0,0
229,45,1,0,0,0,1,1,0,0,0,177,1,0,0,1,1.1,93.994,-36.4,4.857,5191.0,0
2221,57,7,2,3,0,0,0,0,0,0,78,3,0,0,1,1.1,93.994,-36.4,4.857,5191.0,0
1537,39,7,2,3,0,1,0,0,0,3,209,3,0,0,1,1.1,93.994,-36.4,4.855,5191.0,0
1342,43,7,0,3,0,0,0,0,0,3,130,3,0,0,1,1.1,93.994,-36.4,4.855,5191.0,0
2461,39,7,2,2,0,0,0,0,0,1,93,1,0,0,1,1.1,93.994,-36.4,4.856,5191.0,0
3429,34,9,0,6,0,1,0,0,0,3,184,2,0,0,1,1.1,93.994,-36.4,4.86,5191.0,0
1548,29,0,2,6,0,0,0,0,0,3,101,2,0,0,1,1.1,93.994,-36.4,4.855,5191.0,0
600,32,0,1,6,0,1,1,0,0,1,65,1,0,0,1,1.1,93.994,-36.4,4.857,5191.0,0
7641,47,9,2,3,0,0,0,0,0,4,156,5,0,0,1,1.1,93.994,-36.4,4.864,5191.0,0
4820,32,7,0,3,0,1,1,0,0,2,383,2,0,0,1,1.1,93.994,-36.4,4.8580000000000005,5191.0,0
5547,44,1,0,0,0,0,0,0,0,0,281,1,0,0,1,1.1,93.994,-36.4,4.857,5191.0,0
2583,54,5,2,0,0,1,0,0,0,1,584,2,0,0,1,1.1,93.994,-36.4,4.856,5191.0,0
2582,34,4,0,6,0,1,0,0,0,1,230,3,0,0,1,1.1,93.994,-36.4,4.856,5191.0,0
1220,42,2,1,6,0,1,0,0,0,3,204,1,0,0,1,1.1,93.994,-36.4,4.855,5191.0,0
1652,25,7,2,3,0,0,0,0,0,4,72,2,0,0,1,1.1,93.994,-36.4,4.855,5191.0,0
5370,32,9,1,5,0,0,0,0,0,4,700,3,0,0,1,1.1,93.994,-36.4,4.857,5191.0,0
4946,34,0,1,3,0,1,0,0,0,2,49,1,0,0,1,1.1,93.994,-36.4,4.8580000000000005,5191.0,0
7261,33,7,1,3,0,0,0,0,0,3,194,2,0,0,1,1.1,93.994,-36.4,4.86,5191.0,0
371,37,1,0,2,0,0,1,0,0,1,54,1,0,0,1,1.1,93.994,-36.4,4.857,5191.0,0
710,36,1,0,2,0,1,0,0,0,1,285,2,0,0,1,1.1,93.994,-36.4,4.857,5191.0,0
6896,36,1,1,2,0,0,0,0,0,3,333,3,0,0,1,1.1,93.994,-36.4,4.86,5191.0,0
6822,25,7,0,3,0,1,0,0,0,2,452,2,0,0,1,1.1,93.994,-36.4,4.857,5191.0,0
6898,36,1,0,2,0,0,0,0,0,3,620,1,0,0,1,1.1,93.994,-36.4,4.86,5191.0,0
235,44,0,0,5,0,1,0,0,0,0,300,1,0,0,1,1.1,93.994,-36.4,4.857,5191.0,0
4810,51,1,0,2,0,1,1,0,0,2,39,2,0,0,1,1.1,93.994,-36.4,4.8580000000000005,5191.0,0
2679,46,4,0,6,0,0,1,0,0,2,103,6,0,0,1,1.1,93.994,-36.4,4.859,5191.0,0
6484,35,1,0,1,0,0,0,0,0,2,39,1,0,0,1,1.1,93.994,-36.4,4.857,5191.0,0
4184,38,9,1,5,0,0,0,0,0,0,147,2,0,0,1,1.1,93.994,-36.4,4.8580000000000005,5191.0,0
4236,31,0,0,3,0,1,0,0,0,1,172,1,0,0,1,1.1,93.994,-36.4,4.856,5191.0,0
5425,48,5,2,5,0,0,0,0,0,4,219,2,0,0,1,1.1,93.994,-36.4,4.857,5191.0,0
7501,37,0,0,3,0,0,0,0,0,4,868,1,0,0,1,1.1,93.994,-36.4,4.864,5191.0,1
3673,33,0,0,6,0,1,0,0,0,4,576,1,0,0,1,1.1,93.994,-36.4,4.859,5191.0,0
2111,34,0,1,6,0,1,0,0,0,0,593,2,0,0,1,1.1,93.994,-36.4,4.857,5191.0,0
3150,41,2,2,6,0,1,0,0,0,3,234,1,0,0,1,1.1,93.994,-36.4,4.86,5191.0,0
4927,32,1,2,2,0,0,0,0,0,2,205,2,0,0,1,1.1,93.994,-36.4,4.8580000000000005,5191.0,0
2578,39,1,0,1,0,1,0,0,0,1,163,2,0,0,1,1.1,93.994,-36.4,4.856,5191.0,0
3869,28,0,1,3,0,0,0,0,0,4,498,2,0,0,1,1.1,93.994,-36.4,4.859,5191.0,0
6165,34,0,0,3,0,1,0,0,0,1,207,1,0,0,1,1.1,93.994,-36.4,4.857,5191.0,0
2738,43,7,0,3,0,0,0,0,0,2,124,1,0,0,1,1.1,93.994,-36.4,4.859,5191.0,0
3916,32,1,0,2,0,1,0,0,0,0,166,1,0,0,1,1.1,93.994,-36.4,4.8580000000000005,5191.0,0
4112,34,1,0,2,0,0,0,0,0,0,263,1,0,0,1,1.1,93.994,-36.4,4.8580000000000005,5191.0,0
4560,32,2,0,1,0,0,0,0,0,1,465,8,0,0,1,1.1,93.994,-36.4,4.856,5191.0,0
5694,35,0,0,6,0,1,1,0,0,0,280,3,0,0,1,1.1,93.994,-36.4,4.857,5191.0,0
5566,36,9,0,3,0,1,0,0,0,0,262,1,0,0,1,1.1,93.994,-36.4,4.857,5191.0,0
3567,46,0,0,3,0,0,0,0,0,4,297,1,0,0,1,1.1,93.994,-36.4,4.859,5191.0,0
1718,32,7,0,3,0,0,0,0,0,4,213,2,0,0,1,1.1,93.994,-36.4,4.855,5191.0,0
5379,48,7,0,5,0,1,0,0,0,4,253,1,0,0,1,1.1,93.994,-36.4,4.857,5191.0,0
4498,34,1,0,0,0,0,1,0,0,1,289,3,0,0,1,1.1,93.994,-36.4,4.856,5191.0,0
3119,37,1,0,2,0,1,1,0,0,3,87,1,0,0,1,1.1,93.994,-36.4,4.86,5191.0,0
6453,42,1,2,0,0,1,1,0,0,2,738,1,0,0,1,1.1,93.994,-36.4,4.857,5191.0,1
6661,39,0,1,3,0,1,0,0,0,2,132,1,0,0,1,1.1,93.994,-36.4,4.857,5191.0,0
7840,32,1,0,5,0,1,0,0,1,0,26,1,0,0,1,1.4,94.465,-41.8,4.865,5228.1,0
294,37,9,1,5,0,1,0,0,0,0,98,2,0,0,1,1.1,93.994,-36.4,4.857,5191.0,0
5030,36,9,0,5,0,0,0,0,0,2,142,10,0,0,1,1.1,93.994,-36.4,4.8580000000000005,5191.0,0
5974,39,2,0,2,0,0,0,0,0,1,157,2,0,0,1,1.1,93.994,-36.4,4.857,5191.0,0
3081,36,1,0,2,0,1,0,0,0,3,90,2,0,0,1,1.1,93.994,-36.4,4.86,5191.0,0
2929,33,0,0,3,0,1,1,0,0,2,1044,2,0,0,1,1.1,93.994,-36.4,4.859,5191.0,0
4880,25,1,1,0,0,1,0,0,0,2,1681,1,0,0,1,1.1,93.994,-36.4,4.8580000000000005,5191.0,1
6542,36,0,0,3,0,0,0,0,0,2,227,2,0,0,1,1.1,93.994,-36.4,4.857,5191.0,0
290,42,4,2,6,0,1,0,0,0,0,125,2,0,0,1,1.1,93.994,-36.4,4.857,5191.0,0
1037,28,9,1,5,0,1,0,0,0,2,229,2,0,0,1,1.1,93.994,-36.4,4.856,5191.0,0
7466,41,1,0,0,0,1,0,0,0,4,153,2,0,0,1,1.1,93.994,-36.4,4.864,5191.0,0
1591,39,7,1,3,0,0,0,0,0,4,346,4,0,0,1,1.1,93.994,-36.4,4.855,5191.0,0
358,33,7,0,0,0,0,0,0,0,0,229,3,0,0,1,1.1,93.994,-36.4,4.857,5191.0,0
4418,37,7,1,3,0,1,0,0,0,1,227,9,0,0,1,1.1,93.994,-36.4,4.856,5191.0,0
5132,48,9,0,3,0,0,0,0,0,4,601,1,0,0,1,1.1,93.994,-36.4,4.857,5191.0,0
1615,51,7,0,3,0,1,0,0,0,4,57,2,0,0,1,1.1,93.994,-36.4,4.855,5191.0,0
1326,39,1,0,1,0,0,0,0,0,3,108,3,0,0,1,1.1,93.994,-36.4,4.855,5191.0,0
602,47,1,0,2,0,0,0,0,0,1,285,1,0,0,1,1.1,93.994,-36.4,4.857,5191.0,0
4506,29,9,0,5,0,0,0,0,0,1,128,6,0,0,1,1.1,93.994,-36.4,4.856,5191.0,0
5611,50,7,0,3,0,1,0,0,0,0,248,1,0,0,1,1.1,93.994,-36.4,4.857,5191.0,0
1073,51,1,0,0,0,0,0,0,0,2,353,4,0,0,1,1.1,93.994,-36.4,4.856,5191.0,0
2563,36,1,2,3,0,0,0,0,0,1,531,2,0,0,1,1.1,93.994,-36.4,4.856,5191.0,0
3779,35,9,0,5,0,0,0,0,0,4,274,8,0,0,1,1.1,93.994,-36.4,4.859,5191.0,0
980,35,0,1,6,0,0,0,0,0,2,559,1,0,0,1,1.1,93.994,-36.4,4.856,5191.0,0
3905,36,9,0,5,0,1,0,0,0,0,594,2,0,0,1,1.1,93.994,-36.4,4.8580000000000005,5191.0,0
5640,41,0,0,3,0,0,1,0,0,0,863,1,0,0,1,1.1,93.994,-36.4,4.857,5191.0,0
3504,42,9,0,3,0,0,0,0,0,3,70,6,0,0,1,1.1,93.994,-36.4,4.86,5191.0,0
1523,35,9,1,5,0,1,0,0,0,3,170,2,0,0,1,1.1,93.994,-36.4,4.855,5191.0,0
6189,28,1,1,2,0,0,0,0,0,1,222,1,0,0,1,1.1,93.994,-36.4,4.857,5191.0,0
1285,27,3,0,2,0,1,0,0,0,3,160,1,0,0,1,1.1,93.994,-36.4,4.855,5191.0,0
195,48,1,0,0,0,1,0,0,0,0,717,1,0,0,1,1.1,93.994,-36.4,4.857,5191.0,0
760,46,1,0,0,0,0,0,0,0,2,117,3,0,0,1,1.1,93.994,-36.4,4.856,5191.0,0
5921,32,4,0,6,0,1,0,0,0,1,64,3,0,0,1,1.1,93.994,-36.4,4.857,5191.0,0
2821,29,9,1,5,0,0,0,0,0,2,199,2,0,0,1,1.1,93.994,-36.4,4.859,5191.0,0
2544,34,7,0,3,0,1,1,0,0,1,108,2,0,0,1,1.1,93.994,-36.4,4.856,5191.0,0
6352,43,0,0,3,0,0,0,0,0,1,157,2,0,0,1,1.1,93.994,-36.4,4.857,5191.0,0
3662,39,4,0,6,0,0,0,0,0,4,169,1,0,0,1,1.1,93.994,-36.4,4.859,5191.0,0
2642,43,0,0,3,0,0,0,0,0,1,232,2,0,0,1,1.1,93.994,-36.4,4.856,5191.0,0
7080,47,0,0,0,0,0,0,0,0,3,175,1,0,0,1,1.1,93.994,-36.4,4.86,5191.0,0
5153,47,4,2,6,0,1,0,0,0,4,181,1,0,0,1,1.1,93.994,-36.4,4.857,5191.0,0
7290,55,0,0,3,0,0,1,0,0,3,134,4,0,0,1,1.1,93.994,-36.4,4.86,5191.0,0
425,49,1,0,2,0,0,0,0,0,1,102,2,0,0,1,1.1,93.994,-36.4,4.857,5191.0,0
1795,52,0,0,6,0,0,0,0,0,4,622,1,0,0,1,1.1,93.994,-36.4,4.855,5191.0,0
5521,48,5,2,5,0,1,0,0,0,0,136,2,0,0,1,1.1,93.994,-36.4,4.857,5191.0,0
5557,39,4,2,6,0,0,0,0,0,0,290,2,0,0,1,1.1,93.994,-36.4,4.857,5191.0,0
7556,33,1,0,0,0,0,0,0,0,4,33,2,0,0,1,1.1,93.994,-36.4,4.864,5191.0,0
225,58,5,0,6,0,0,0,0,0,0,132,1,0,0,1,1.1,93.994,-36.4,4.857,5191.0,0
871,40,1,0,3,0,1,0,0,0,2,294,1,0,0,1,1.1,93.994,-36.4,4.856,5191.0,0
3654,28,0,1,3,0,1,0,0,0,4,265,1,0,0,1,1.1,93.994,-36.4,4.859,5191.0,0
4830,33,0,0,6,0,1,0,0,0,2,623,1,0,0,1,1.1,93.994,-36.4,4.8580000000000005,5191.0,0
2070,25,1,0,3,0,0,0,0,0,0,217,1,0,0,1,1.1,93.994,-36.4,4.857,5191.0,0
3299,26,0,1,3,0,1,0,0,0,3,918,1,0,0,1,1.1,93.994,-36.4,4.86,5191.0,0
7677,51,0,0,5,0,1,0,0,0,4,78,2,0,0,1,1.1,93.994,-36.4,4.864,5191.0,0
6170,53,0,1,1,0,1,0,0,0,1,27,1,0,0,1,1.1,93.994,-36.4,4.857,5191.0,0
6501,33,6,0,6,0,1,1,0,0,2,85,1,0,0,1,1.1,93.994,-36.4,4.857,5191.0,0
4053,32,0,0,3,0,0,0,0,0,0,199,1,0,0,1,1.1,93.994,-36.4,4.8580000000000005,5191.0,0
1797,32,0,1,6,0,1,1,0,0,4,178,1,0,0,1,1.1,93.994,-36.4,4.855,5191.0,0
1284,28,0,1,6,0,0,0,0,0,3,131,1,0,0,1,1.1,93.994,-36.4,4.855,5191.0,0
5992,34,9,0,6,0,0,0,0,0,1,162,1,0,0,1,1.1,93.994,-36.4,4.857,5191.0,0
1010,51,4,0,6,0,0,0,0,0,2,194,1,0,0,1,1.1,93.994,-36.4,4.856,5191.0,0
2551,35,7,0,3,0,1,0,0,0,1,87,1,0,0,1,1.1,93.994,-36.4,4.856,5191.0,0
986,34,1,0,1,0,1,0,0,0,2,123,1,0,0,1,1.1,93.994,-36.4,4.856,5191.0,0
1270,41,9,0,5,0,1,1,0,0,3,87,2,0,0,1,1.1,93.994,-36.4,4.855,5191.0,0
7706,36,4,0,6,0,1,0,0,0,4,170,4,0,0,1,1.1,93.994,-36.4,4.864,5191.0,0
393,42,0,0,3,0,0,0,0,0,1,69,1,0,0,1,1.1,93.994,-36.4,4.857,5191.0,0
764,38,9,0,5,0,0,0,0,0,2,479,2,0,0,1,1.1,93.994,-36.4,4.856,5191.0,0
4923,38,0,0,3,0,0,0,0,0,2,153,4,0,0,1,1.1,93.994,-36.4,4.8580000000000005,5191.0,0
1789,39,9,0,5,0,0,0,0,0,4,126,2,0,0,1,1.1,93.994,-36.4,4.855,5191.0,0
1473,60,2,0,0,0,0,0,0,0,3,71,2,0,0,1,1.1,93.994,-36.4,4.855,5191.0,0
5575,42,3,0,0,0,1,0,0,0,0,364,1,0,0,1,1.1,93.994,-36.4,4.857,5191.0,0
1634,30,1,0,2,0,1,0,0,0,4,198,1,0,0,1,1.1,93.994,-36.4,4.855,5191.0,0
6191,38,1,0,5,0,1,0,0,0,1,321,1,0,0,1,1.1,93.994,-36.4,4.857,5191.0,0
7727,37,10,0,5,0,1,0,0,0,4,3631,2,0,0,1,1.1,93.994,-36.4,4.864,5191.0,0
204,44,1,0,2,0,1,0,0,0,0,172,1,0,0,1,1.1,93.994,-36.4,4.857,5191.0,0
1267,36,0,2,6,0,0,0,0,0,3,33,4,0,0,1,1.1,93.994,-36.4,4.855,5191.0,0
2561,36,4,0,6,0,0,0,0,0,1,93,1,0,0,1,1.1,93.994,-36.4,4.856,5191.0,0
6520,57,1,2,2,0,1,0,0,0,2,543,2,0,0,1,1.1,93.994,-36.4,4.857,5191.0,0
824,30,4,2,3,0,0,1,0,0,2,149,1,0,0,1,1.1,93.994,-36.4,4.856,5191.0,0
5961,32,1,0,2,0,1,0,0,0,1,955,1,0,0,1,1.1,93.994,-36.4,4.857,5191.0,0
5976,43,2,0,0,0,0,0,0,0,1,116,1,0,0,1,1.1,93.994,-36.4,4.857,5191.0,0
2387,53,1,0,2,0,1,0,0,0,1,609,2,0,0,1,1.1,93.994,-36.4,4.856,5191.0,0
4291,42,0,2,6,0,0,0,0,0,1,214,1,0,0,1,1.1,93.994,-36.4,4.856,5191.0,0
2580,37,0,1,3,0,0,0,0,0,1,165,3,0,0,1,1.1,93.994,-36.4,4.856,5191.0,0
4377,42,1,0,1,0,1,0,0,0,1,189,1,0,0,1,1.1,93.994,-36.4,4.856,5191.0,0
7242,35,0,0,3,0,1,0,0,0,3,228,3,0,0,1,1.1,93.994,-36.4,4.86,5191.0,0
3448,49,0,2,3,0,0,0,0,0,3,136,3,0,0,1,1.1,93.994,-36.4,4.86,5191.0,0
3807,28,0,1,6,0,1,0,0,0,4,1128,3,0,0,1,1.1,93.994,-36.4,4.859,5191.0,0
1895,52,6,0,6,0,1,0,0,0,4,83,4,0,0,1,1.1,93.994,-36.4,4.855,5191.0,0
5056,58,0,2,6,0,1,0,0,0,4,628,2,0,0,1,1.1,93.994,-36.4,4.857,5191.0,0
6100,37,9,0,5,0,0,0,0,0,1,253,16,0,0,1,1.1,93.994,-36.4,4.857,5191.0,0
1816,42,0,2,6,0,1,0,0,0,4,125,3,0,0,1,1.1,93.994,-36.4,4.855,5191.0,0
3316,35,0,1,6,0,0,0,0,0,3,135,1,0,0,1,1.1,93.994,-36.4,4.86,5191.0,0
2828,31,1,0,2,0,0,0,0,0,2,180,1,0,0,1,1.1,93.994,-36.4,4.859,5191.0,0
3674,27,7,0,3,0,1,0,0,0,4,102,1,0,0,1,1.1,93.994,-36.4,4.859,5191.0,0
4262,41,1,0,2,0,0,0,0,0,1,216,1,0,0,1,1.1,93.994,-36.4,4.856,5191.0,0
169,54,4,2,6,0,1,0,0,0,0,843,2,0,0,1,1.1,93.994,-36.4,4.857,5191.0,0
6046,26,9,1,5,0,0,0,0,0,1,126,1,0,0,1,1.1,93.994,-36.4,4.857,5191.0,0
3265,55,5,0,5,0,1,0,0,0,3,301,1,0,0,1,1.1,93.994,-36.4,4.86,5191.0,0
1871,59,0,0,6,0,1,0,0,0,4,191,2,0,0,1,1.1,93.994,-36.4,4.855,5191.0,0
4774,56,4,0,6,0,1,1,0,0,2,136,1,0,0,1,1.1,93.994,-36.4,4.8580000000000005,5191.0,0
1467,38,0,1,6,0,0,0,0,0,3,335,9,0,0,1,1.1,93.994,-36.4,4.855,5191.0,0
2541,43,1,0,2,0,0,0,0,0,1,768,2,0,0,1,1.1,93.994,-36.4,4.856,5191.0,0
4930,31,0,0,3,0,0,0,0,0,2,230,2,0,0,1,1.1,93.994,-36.4,4.8580000000000005,5191.0,0
7728,55,1,0,0,0,0,0,0,0,4,435,2,0,0,1,1.1,93.994,-36.4,4.864,5191.0,0
4502,48,1,0,5,0,1,0,0,0,1,140,1,0,0,1,1.1,93.994,-36.4,4.856,5191.0,0
4602,56,0,2,3,0,1,0,0,0,1,181,6,0,0,1,1.1,93.994,-36.4,4.856,5191.0,0
4860,34,1,0,5,0,1,0,0,0,2,518,1,0,0,1,1.1,93.994,-36.4,4.8580000000000005,5191.0,0
4952,31,6,0,6,0,0,0,0,0,2,108,2,0,0,1,1.1,93.994,-36.4,4.8580000000000005,5191.0,0
1419,32,6,2,5,0,0,0,0,0,3,242,1,0,0,1,1.1,93.994,-36.4,4.855,5191.0,0
1341,48,1,0,2,0,1,1,0,0,3,289,1,0,0,1,1.1,93.994,-36.4,4.855,5191.0,0
7650,56,0,0,3,0,1,0,0,0,4,138,2,0,0,1,1.1,93.994,-36.4,4.864,5191.0,0
7616,29,1,0,3,0,1,1,0,0,4,62,3,0,0,1,1.1,93.994,-36.4,4.864,5191.0,0
886,29,9,0,5,0,1,0,0,0,2,192,1,0,0,1,1.1,93.994,-36.4,4.856,5191.0,0
3348,59,5,0,5,0,0,0,0,0,3,422,3,0,0,1,1.1,93.994,-36.4,4.86,5191.0,0
348,33,2,0,6,0,1,0,0,0,0,130,3,0,0,1,1.1,93.994,-36.4,4.857,5191.0,0
5931,40,4,0,3,0,1,1,0,0,1,265,2,0,0,1,1.1,93.994,-36.4,4.857,5191.0,0
6281,29,9,0,5,0,0,0,0,0,1,64,1,0,0,1,1.1,93.994,-36.4,4.857,5191.0,0
1023,40,4,0,3,0,0,0,0,0,2,238,3,0,0,1,1.1,93.994,-36.4,4.856,5191.0,0
3142,45,0,2,1,0,1,0,0,0,3,240,1,0,0,1,1.1,93.994,-36.4,4.86,5191.0,0
5397,31,1,2,2,0,1,0,0,0,4,209,3,0,0,1,1.1,93.994,-36.4,4.857,5191.0,0
7767,41,1,0,0,0,1,0,0,1,0,132,2,0,0,1,1.4,94.465,-41.8,4.865,5228.1,0
1275,52,1,0,2,0,1,0,0,0,3,149,1,0,0,1,1.1,93.994,-36.4,4.855,5191.0,0
4846,46,2,0,5,0,1,0,0,0,2,51,2,0,0,1,1.1,93.994,-36.4,4.8580000000000005,5191.0,0
199,43,1,0,1,0,1,0,0,0,0,1077,1,0,0,1,1.1,93.994,-36.4,4.857,5191.0,0
2153,37,6,2,6,0,1,0,0,0,0,596,1,0,0,1,1.1,93.994,-36.4,4.857,5191.0,0
5581,45,1,0,0,0,0,0,0,0,0,164,1,0,0,1,1.1,93.994,-36.4,4.857,5191.0,0
308,42,0,0,6,0,1,0,0,0,0,261,3,0,0,1,1.1,93.994,-36.4,4.857,5191.0,0
4619,40,7,1,3,0,1,1,0,0,1,117,1,0,0,1,1.1,93.994,-36.4,4.856,5191.0,0
443,45,4,0,6,0,1,0,0,0,1,140,1,0,0,1,1.1,93.994,-36.4,4.857,5191.0,0
2938,37,7,0,3,0,0,0,0,0,2,74,3,0,0,1,1.1,93.994,-36.4,4.859,5191.0,0
5844,48,0,0,6,0,0,0,0,0,0,155,2,0,0,1,1.1,93.994,-36.4,4.857,5191.0,0
7037,46,9,0,5,0,0,0,0,0,3,251,1,0,0,1,1.1,93.994,-36.4,4.86,5191.0,0
147,35,0,1,3,0,1,0,0,0,0,338,1,0,0,1,1.1,93.994,-36.4,4.857,5191.0,0
6705,47,1,0,0,0,0,0,0,0,2,136,1,0,0,1,1.1,93.994,-36.4,4.857,5191.0,0
3135,31,0,0,3,0,0,0,0,0,3,55,1,0,0,1,1.1,93.994,-36.4,4.86,5191.0,0
7546,33,0,0,3,0,0,1,0,0,4,84,3,0,0,1,1.1,93.994,-36.4,4.864,5191.0,0
426,58,4,0,1,0,0,0,0,0,1,342,1,0,0,1,1.1,93.994,-36.4,4.857,5191.0,0
3271,52,9,0,3,0,1,0,0,0,3,355,1,0,0,1,1.1,93.994,-36.4,4.86,5191.0,0
775,41,1,0,0,0,1,0,0,0,2,188,2,0,0,1,1.1,93.994,-36.4,4.856,5191.0,0
23,41,9,1,3,0,1,0,0,0,0,181,1,0,0,1,1.1,93.994,-36.4,4.857,5191.0,0
2928,23,7,1,3,0,0,0,0,0,2,107,1,0,0,1,1.1,93.994,-36.4,4.859,5191.0,0
3648,25,1,1,0,0,0,0,0,0,4,196,1,0,0,1,1.1,93.994,-36.4,4.859,5191.0,0
7746,56,3,0,0,0,1,0,0,0,4,81,2,0,0,1,1.1,93.994,-36.4,4.864,5191.0,0
967,31,1,0,0,0,1,0,0,0,2,650,1,0,0,1,1.1,93.994,-36.4,4.856,5191.0,0
4614,46,7,0,5,0,1,0,0,0,1,273,4,0,0,1,1.1,93.994,-36.4,4.856,5191.0,0
6653,45,9,0,3,0,0,0,0,0,2,81,2,0,0,1,1.1,93.994,-36.4,4.857,5191.0,0
6288,40,1,0,1,0,0,1,0,0,1,89,2,0,0,1,1.1,93.994,-36.4,4.857,5191.0,0
6009,35,9,0,5,0,1,1,0,0,1,207,2,0,0,1,1.1,93.994,-36.4,4.857,5191.0,0
5702,30,0,1,6,0,1,0,0,0,0,255,1,0,0,1,1.1,93.994,-36.4,4.857,5191.0,0
5329,50,9,0,3,0,1,0,0,0,4,893,3,0,0,1,1.1,93.994,-36.4,4.857,5191.0,0
4205,47,1,0,0,0,1,0,0,0,0,622,2,0,0,1,1.1,93.994,-36.4,4.8580000000000005,5191.0,0
6587,39,0,0,3,0,0,0,0,0,2,211,4,0,0,1,1.1,93.994,-36.4,4.857,5191.0,0
911,40,1,0,0,0,0,0,0,0,2,227,1,0,0,1,1.1,93.994,-36.4,4.856,5191.0,0
2187,25,1,0,2,0,1,0,0,0,0,41,1,0,0,1,1.1,93.994,-36.4,4.857,5191.0,0
1684,35,9,2,3,0,0,0,0,0,4,93,2,0,0,1,1.1,93.994,-36.4,4.855,5191.0,0
6347,50,7,1,0,0,1,0,0,0,1,98,9,0,0,1,1.1,93.994,-36.4,4.857,5191.0,0
3777,33,1,0,5,0,1,0,0,0,4,208,2,0,0,1,1.1,93.994,-36.4,4.859,5191.0,0
5554,52,0,0,1,0,0,0,0,0,0,228,1,0,0,1,1.1,93.994,-36.4,4.857,5191.0,0
4731,37,9,1,6,0,0,0,0,0,2,494,2,0,0,1,1.1,93.994,-36.4,4.8580000000000005,5191.0,0
1592,39,4,0,3,0,0,0,0,0,4,205,1,0,0,1,1.1,93.994,-36.4,4.855,5191.0,0
4773,31,1,0,0,0,0,0,0,0,2,408,1,0,0,1,1.1,93.994,-36.4,4.8580000000000005,5191.0,0
1607,27,1,0,6,0,0,1,0,0,4,357,1,0,0,1,1.1,93.994,-36.4,4.855,5191.0,0
1415,54,3,0,2,0,1,0,0,0,3,200,2,0,0,1,1.1,93.994,-36.4,4.855,5191.0,0
4429,41,4,0,6,0,1,0,0,0,1,182,1,0,0,1,1.1,93.994,-36.4,4.856,5191.0,0
4038,48,0,0,6,0,1,0,0,0,0,105,2,0,0,1,1.1,93.994,-36.4,4.8580000000000005,5191.0,0
3449,30,0,0,6,0,1,0,0,0,3,196,2,0,0,1,1.1,93.994,-36.4,4.86,5191.0,0
3183,45,0,0,3,0,1,0,0,0,3,695,1,0,0,1,1.1,93.994,-36.4,4.86,5191.0,0
1925,25,1,0,2,0,0,0,0,0,4,483,1,0,0,1,1.1,93.994,-36.4,4.855,5191.0,0
1920,27,7,0,2,0,1,0,0,0,4,162,2,0,0,1,1.1,93.994,-36.4,4.855,5191.0,0
6560,31,1,0,1,0,0,0,0,0,2,439,2,0,0,1,1.1,93.994,-36.4,4.857,5191.0,0
5409,36,7,0,3,0,0,0,0,0,4,77,3,0,0,1,1.1,93.994,-36.4,4.857,5191.0,0
1335,37,1,0,5,0,0,0,0,0,3,195,1,0,0,1,1.1,93.994,-36.4,4.855,5191.0,0
472,31,0,2,3,0,0,0,0,0,1,47,1,0,0,1,1.1,93.994,-36.4,4.857,5191.0,0
2856,49,7,0,3,0,1,0,0,0,2,214,1,0,0,1,1.1,93.994,-36.4,4.859,5191.0,0
4438,41,1,0,1,0,0,0,0,0,1,592,1,0,0,1,1.1,93.994,-36.4,4.856,5191.0,0
778,32,0,0,3,0,1,0,0,0,2,395,2,0,0,1,1.1,93.994,-36.4,4.856,5191.0,0
1397,35,1,0,1,0,0,0,0,0,3,102,1,0,0,1,1.1,93.994,-36.4,4.855,5191.0,0
4736,53,2,1,2,0,0,0,0,0,2,345,1,0,0,1,1.1,93.994,-36.4,4.8580000000000005,5191.0,0
594,46,4,0,6,0,0,0,0,0,1,407,2,0,0,1,1.1,93.994,-36.4,4.857,5191.0,0
2049,39,2,2,3,0,0,0,0,0,0,225,1,0,0,1,1.1,93.994,-36.4,4.857,5191.0,0
16,35,1,0,1,0,1,0,0,0,0,312,1,0,0,1,1.1,93.994,-36.4,4.857,5191.0,0
1063,42,6,0,6,0,1,0,0,0,2,234,4,0,0,1,1.1,93.994,-36.4,4.856,5191.0,0
6214,45,1,2,0,0,0,0,0,0,1,78,2,0,0,1,1.1,93.994,-36.4,4.857,5191.0,0
6793,42,9,0,5,0,1,0,0,0,2,77,3,0,0,1,1.1,93.994,-36.4,4.857,5191.0,0
7301,37,4,0,2,0,0,0,0,0,3,30,2,0,0,1,1.1,93.994,-36.4,4.86,5191.0,0
4578,33,0,1,5,0,0,0,0,0,1,485,3,0,0,1,1.1,93.994,-36.4,4.856,5191.0,0
6645,48,5,0,0,0,0,0,0,0,2,157,1,0,0,1,1.1,93.994,-36.4,4.857,5191.0,0
5497,44,9,0,6,0,0,0,0,0,0,125,1,0,0,1,1.1,93.994,-36.4,4.857,5191.0,0
4798,40,0,2,5,0,0,0,0,0,2,509,1,0,0,1,1.1,93.994,-36.4,4.8580000000000005,5191.0,0
5609,32,7,0,2,0,1,0,0,0,0,262,2,0,0,1,1.1,93.994,-36.4,4.857,5191.0,0
6524,34,1,1,6,0,1,1,0,0,2,165,1,0,0,1,1.1,93.994,-36.4,4.857,5191.0,0
7044,39,2,1,1,0,1,0,0,0,3,77,2,0,0,1,1.1,93.994,-36.4,4.86,5191.0,0
4224,54,9,2,5,0,0,0,0,0,1,182,1,0,0,1,1.1,93.994,-36.4,4.856,5191.0,0
3134,44,1,1,3,0,1,0,0,0,3,182,2,0,0,1,1.1,93.994,-36.4,4.86,5191.0,0
2666,52,9,0,3,0,1,1,0,0,2,73,2,0,0,1,1.1,93.994,-36.4,4.859,5191.0,0
5984,40,7,1,3,0,1,0,0,0,1,179,1,0,0,1,1.1,93.994,-36.4,4.857,5191.0,0
7177,42,0,0,3,0,0,0,0,0,3,260,1,0,0,1,1.1,93.994,-36.4,4.86,5191.0,0
5764,35,0,0,3,0,0,1,0,0,0,114,2,0,0,1,1.1,93.994,-36.4,4.857,5191.0,0
6742,33,0,0,3,0,0,0,0,0,2,629,2,0,0,1,1.1,93.994,-36.4,4.857,5191.0,0
271,47,4,2,6,0,0,0,0,0,0,89,2,0,0,1,1.1,93.994,-36.4,4.857,5191.0,0
949,45,1,1,1,0,1,0,0,0,2,129,5,0,0,1,1.1,93.994,-36.4,4.856,5191.0,0
5842,33,7,1,3,0,0,0,0,0,0,178,5,0,0,1,1.1,93.994,-36.4,4.857,5191.0,0
5047,46,9,1,6,0,1,0,0,0,4,417,6,0,0,1,1.1,93.994,-36.4,4.857,5191.0,0
1444,31,2,2,3,0,1,0,0,0,3,1120,2,0,0,1,1.1,93.994,-36.4,4.855,5191.0,0
6249,32,1,0,2,0,0,0,0,0,1,59,4,0,0,1,1.1,93.994,-36.4,4.857,5191.0,0
1040,35,1,0,5,0,0,0,0,0,2,306,5,0,0,1,1.1,93.994,-36.4,4.856,5191.0,0
471,43,4,0,5,0,1,0,0,0,1,310,1,0,0,1,1.1,93.994,-36.4,4.857,5191.0,0
4453,37,0,0,3,0,1,1,0,0,1,697,2,0,0,1,1.1,93.994,-36.4,4.856,5191.0,0
2146,51,9,0,5,0,1,1,0,0,0,246,1,0,0,1,1.1,93.994,-36.4,4.857,5191.0,0
5156,29,7,1,6,0,1,1,0,0,4,210,1,0,0,1,1.1,93.994,-36.4,4.857,5191.0,0
923,49,1,1,1,0,1,0,0,0,2,148,4,0,0,1,1.1,93.994,-36.4,4.856,5191.0,0
6212,28,1,0,1,0,1,0,0,0,1,312,2,0,0,1,1.1,93.994,-36.4,4.857,5191.0,0
1412,31,9,2,5,0,1,1,0,0,3,453,2,0,0,1,1.1,93.994,-36.4,4.855,5191.0,0
4187,33,4,0,6,0,1,0,0,0,0,396,9,0,0,1,1.1,93.994,-36.4,4.8580000000000005,5191.0,0
6562,29,0,1,6,0,1,0,0,0,2,713,1,0,0,1,1.1,93.994,-36.4,4.857,5191.0,0
3409,34,4,0,6,0,0,1,0,0,3,298,3,0,0,1,1.1,93.994,-36.4,4.86,5191.0,0
5726,31,4,1,3,0,0,0,0,0,0,114,3,0,0,1,1.1,93.994,-36.4,4.857,5191.0,0
5084,49,9,0,5,0,0,0,0,0,4,736,2,0,0,1,1.1,93.994,-36.4,4.857,5191.0,0
435,37,9,0,5,0,1,0,0,0,1,198,2,0,0,1,1.1,93.994,-36.4,4.857,5191.0,0
2055,35,0,0,6,0,1,0,0,0,0,325,3,0,0,1,1.1,93.994,-36.4,4.857,5191.0,0
2174,41,1,2,1,0,1,0,0,0,0,391,2,0,0,1,1.1,93.994,-36.4,4.857,5191.0,0
5848,36,0,0,6,0,1,0,0,0,0,138,2,0,0,1,1.1,93.994,-36.4,4.857,5191.0,0
6845,28,6,1,6,0,0,0,0,0,2,314,5,0,0,1,1.1,93.994,-36.4,4.857,5191.0,0
1938,50,1,2,2,0,0,0,0,0,4,878,3,0,0,1,1.1,93.994,-36.4,4.855,5191.0,0
85,31,0,2,3,0,0,0,0,0,0,246,1,0,0,1,1.1,93.994,-36.4,4.857,5191.0,0
3147,38,9,0,5,0,0,0,0,0,3,436,1,0,0,1,1.1,93.994,-36.4,4.86,5191.0,0
6087,43,1,0,2,0,0,0,0,0,1,155,1,0,0,1,1.1,93.994,-36.4,4.857,5191.0,0
5210,32,7,1,5,0,1,1,0,0,4,249,1,0,0,1,1.1,93.994,-36.4,4.857,5191.0,0
7725,40,0,2,5,0,1,0,0,0,4,539,12,0,0,1,1.1,93.994,-36.4,4.864,5191.0,0
966,44,0,0,6,0,1,0,0,0,2,37,2,0,0,1,1.1,93.994,-36.4,4.856,5191.0,0
1830,39,0,0,6,0,1,0,0,0,4,127,1,0,0,1,1.1,93.994,-36.4,4.855,5191.0,0
7575,33,7,0,0,0,0,0,0,0,4,58,1,0,0,1,1.1,93.994,-36.4,4.864,5191.0,0
667,31,0,1,6,0,0,0,0,0,1,189,2,0,0,1,1.1,93.994,-36.4,4.857,5191.0,0
2701,35,7,0,3,0,0,0,0,0,2,188,1,0,0,1,1.1,93.994,-36.4,4.859,5191.0,0
4355,40,7,0,3,0,0,0,0,0,1,70,2,0,0,1,1.1,93.994,-36.4,4.856,5191.0,0
684,46,7,0,3,0,0,0,0,0,1,60,3,0,0,1,1.1,93.994,-36.4,4.857,5191.0,0
432,30,6,1,6,0,1,0,0,0,1,262,1,0,0,1,1.1,93.994,-36.4,4.857,5191.0,0
441,26,3,0,6,0,0,0,0,0,1,246,1,0,0,1,1.1,93.994,-36.4,4.857,5191.0,0
7372,34,0,1,6,0,0,0,0,0,4,234,1,0,0,1,1.1,93.994,-36.4,4.864,5191.0,0
928,31,1,0,2,0,1,1,0,0,2,97,2,0,0,1,1.1,93.994,-36.4,4.856,5191.0,0
609,50,7,0,3,0,0,0,0,0,1,87,1,0,0,1,1.1,93.994,-36.4,4.857,5191.0,0
6434,47,0,0,6,0,1,0,0,0,2,385,1,0,0,1,1.1,93.994,-36.4,4.857,5191.0,0
3831,32,7,0,3,0,0,0,0,0,4,303,5,0,0,1,1.1,93.994,-36.4,4.859,5191.0,0
4067,37,3,0,3,0,1,1,0,0,0,723,1,0,0,1,1.1,93.994,-36.4,4.8580000000000005,5191.0,0
412,30,1,0,2,0,0,0,0,0,1,227,1,0,0,1,1.1,93.994,-36.4,4.857,5191.0,0
3635,48,9,1,3,0,1,0,0,0,4,76,3,0,0,1,1.1,93.994,-36.4,4.859,5191.0,0
6151,27,7,0,5,0,0,0,0,0,1,395,2,0,0,1,1.1,93.994,-36.4,4.857,5191.0,0
4788,31,9,0,5,0,0,0,0,0,2,257,2,0,0,1,1.1,93.994,-36.4,4.8580000000000005,5191.0,0
2709,34,1,0,2,0,0,0,0,0,2,606,1,0,0,1,1.1,93.994,-36.4,4.859,5191.0,0
3613,32,1,0,2,0,0,0,0,0,4,244,1,0,0,1,1.1,93.994,-36.4,4.859,5191.0,0
1777,32,5,0,3,0,0,0,0,0,4,209,3,0,0,1,1.1,93.994,-36.4,4.855,5191.0,0
4273,33,9,0,3,0,0,0,0,0,1,168,1,0,0,1,1.1,93.994,-36.4,4.856,5191.0,0
2708,31,1,1,2,0,0,0,0,0,2,220,1,0,0,1,1.1,93.994,-36.4,4.859,5191.0,0
4733,35,5,0,5,0,0,0,0,0,2,759,1,0,0,1,1.1,93.994,-36.4,4.8580000000000005,5191.0,0
7794,47,6,0,5,0,1,0,0,1,0,338,2,0,0,1,1.4,94.465,-41.8,4.865,5228.1,0
6457,34,0,1,3,0,1,0,0,0,2,593,1,0,0,1,1.1,93.994,-36.4,4.857,5191.0,0
4463,44,4,0,6,0,1,0,0,0,1,254,1,0,0,1,1.1,93.994,-36.4,4.856,5191.0,0
1248,32,8,1,6,0,0,0,0,0,3,107,1,0,0,1,1.1,93.994,-36.4,4.855,5191.0,0
1642,42,1,0,1,0,0,0,0,0,4,134,2,0,0,1,1.1,93.994,-36.4,4.855,5191.0,0
919,32,7,1,3,0,1,0,0,0,2,180,2,0,0,1,1.1,93.994,-36.4,4.856,5191.0,0
1942,32,4,0,3,0,1,0,0,0,4,119,2,0,0,1,1.1,93.994,-36.4,4.855,5191.0,0
5326,52,9,0,2,0,0,0,0,0,4,97,1,0,0,1,1.1,93.994,-36.4,4.857,5191.0,0
5442,39,7,0,3,0,1,0,0,0,4,430,6,0,0,1,1.1,93.994,-36.4,4.857,5191.0,0
4148,24,0,1,3,0,1,0,0,0,0,243,6,0,0,1,1.1,93.994,-36.4,4.8580000000000005,5191.0,0
7373,28,1,1,2,0,0,0,0,0,4,521,2,0,0,1,1.1,93.994,-36.4,4.864,5191.0,0
5286,38,0,1,6,0,1,0,0,0,4,186,1,0,0,1,1.1,93.994,-36.4,4.857,5191.0,0
1398,42,0,0,6,0,0,0,0,0,3,193,1,0,0,1,1.1,93.994,-36.4,4.855,5191.0,0
7274,41,1,0,5,0,0,0,0,0,3,53,3,0,0,1,1.1,93.994,-36.4,4.86,5191.0,0
4680,43,1,0,2,0,0,0,0,0,2,111,5,0,0,1,1.1,93.994,-36.4,4.8580000000000005,5191.0,0
6568,30,9,2,2,0,1,0,0,0,2,188,1,0,0,1,1.1,93.994,-36.4,4.857,5191.0,0
1048,39,1,0,1,0,0,0,0,0,2,108,6,0,0,1,1.1,93.994,-36.4,4.856,5191.0,0
3862,44,4,0,3,0,1,0,0,0,4,409,3,0,0,1,1.1,93.994,-36.4,4.859,5191.0,0
355,43,10,1,6,0,0,0,0,0,0,404,4,0,0,1,1.1,93.994,-36.4,4.857,5191.0,0
5431,39,9,0,5,0,1,0,0,0,4,75,3,0,0,1,1.1,93.994,-36.4,4.857,5191.0,0
3205,59,0,0,3,0,1,0,0,0,3,285,1,0,0,1,1.1,93.994,-36.4,4.86,5191.0,0
3141,31,9,0,5,0,1,0,0,0,3,374,1,0,0,1,1.1,93.994,-36.4,4.86,5191.0,0
202,39,1,0,3,0,1,0,0,0,0,356,2,0,0,1,1.1,93.994,-36.4,4.857,5191.0,0
6077,37,0,0,3,0,0,0,0,0,1,316,2,0,0,1,1.1,93.994,-36.4,4.857,5191.0,0
970,53,1,0,2,0,1,0,0,0,2,166,1,0,0,1,1.1,93.994,-36.4,4.856,5191.0,0
5686,41,4,2,2,0,1,1,0,0,0,240,2,0,0,1,1.1,93.994,-36.4,4.857,5191.0,0
2193,39,9,0,6,0,1,0,0,0,0,241,3,0,0,1,1.1,93.994,-36.4,4.857,5191.0,0
7658,33,0,1,3,0,1,0,0,0,4,66,3,0,0,1,1.1,93.994,-36.4,4.864,5191.0,0
4850,57,9,0,3,0,0,0,0,0,2,315,1,0,0,1,1.1,93.994,-36.4,4.8580000000000005,5191.0,0
6517,34,0,1,3,0,0,1,0,0,2,195,1,0,0,1,1.1,93.994,-36.4,4.857,5191.0,0
2098,33,2,0,3,0,0,0,0,0,0,214,4,0,0,1,1.1,93.994,-36.4,4.857,5191.0,0
1828,32,9,1,6,0,0,0,0,0,4,195,1,0,0,1,1.1,93.994,-36.4,4.855,5191.0,0
3386,26,1,1,1,0,0,1,0,0,3,160,1,0,0,1,1.1,93.994,-36.4,4.86,5191.0,0
2004,48,2,0,3,0,1,0,0,0,0,76,2,0,0,1,1.1,93.994,-36.4,4.857,5191.0,0
1576,38,0,0,3,0,1,0,0,0,3,260,5,0,0,1,1.1,93.994,-36.4,4.855,5191.0,0
7485,57,7,2,3,0,0,0,0,0,4,251,1,0,0,1,1.1,93.994,-36.4,4.864,5191.0,0
3785,42,0,1,6,0,1,0,0,0,4,14,15,0,0,1,1.1,93.994,-36.4,4.859,5191.0,0
6344,39,0,0,6,0,1,1,0,0,1,239,1,0,0,1,1.1,93.994,-36.4,4.857,5191.0,0
2048,39,2,2,3,0,0,0,0,0,0,122,1,0,0,1,1.1,93.994,-36.4,4.857,5191.0,0
6670,33,1,1,2,0,0,0,0,0,2,285,2,0,0,1,1.1,93.994,-36.4,4.857,5191.0,0
880,31,0,1,3,0,1,0,0,0,2,260,1,0,0,1,1.1,93.994,-36.4,4.856,5191.0,0
126,50,0,0,1,0,0,0,0,0,0,61,1,0,0,1,1.1,93.994,-36.4,4.857,5191.0,0
1488,37,9,1,6,0,1,0,0,0,3,248,3,0,0,1,1.1,93.994,-36.4,4.855,5191.0,0
5828,36,1,0,3,0,0,0,0,0,0,34,3,0,0,1,1.1,93.994,-36.4,4.857,5191.0,0
6043,41,1,0,2,0,0,0,0,0,1,73,2,0,0,1,1.1,93.994,-36.4,4.857,5191.0,0
1536,34,1,2,5,0,0,1,0,0,3,291,2,0,0,1,1.1,93.994,-36.4,4.855,5191.0,0
3233,34,0,0,3,0,0,0,0,0,3,122,1,0,0,1,1.1,93.994,-36.4,4.86,5191.0,0
3170,26,0,0,3,0,0,0,0,0,3,326,4,0,0,1,1.1,93.994,-36.4,4.86,5191.0,0
34,54,1,2,0,0,0,0,0,0,0,208,1,0,0,1,1.1,93.994,-36.4,4.857,5191.0,0
6232,28,7,0,3,0,0,0,0,0,1,498,1,0,0,1,1.1,93.994,-36.4,4.857,5191.0,0
2569,33,9,1,3,0,0,0,0,0,1,214,1,0,0,1,1.1,93.994,-36.4,4.856,5191.0,0
4085,32,1,0,2,0,1,0,0,0,0,181,1,0,0,1,1.1,93.994,-36.4,4.8580000000000005,5191.0,0
4575,44,0,0,6,0,0,0,0,0,1,10,17,0,0,1,1.1,93.994,-36.4,4.856,5191.0,0
327,33,0,0,3,0,0,0,0,0,0,316,3,0,0,1,1.1,93.994,-36.4,4.857,5191.0,0
4881,35,9,0,3,0,0,0,0,0,2,208,3,0,0,1,1.1,93.994,-36.4,4.8580000000000005,5191.0,0
7017,39,9,0,5,0,0,0,0,0,3,356,2,0,0,1,1.1,93.994,-36.4,4.86,5191.0,0
875,44,1,0,1,0,1,1,0,0,2,344,1,0,0,1,1.1,93.994,-36.4,4.856,5191.0,0
2995,33,6,0,2,0,1,0,0,0,2,21,11,0,0,1,1.1,93.994,-36.4,4.859,5191.0,0
4042,34,1,0,1,0,0,0,0,0,0,144,2,0,0,1,1.1,93.994,-36.4,4.8580000000000005,5191.0,0
6694,29,1,1,5,0,0,0,0,0,2,298,5,0,0,1,1.1,93.994,-36.4,4.857,5191.0,0
7627,34,3,2,1,0,0,0,0,0,4,243,3,0,0,1,1.1,93.994,-36.4,4.864,5191.0,0
7587,30,1,0,1,0,0,0,0,0,4,88,2,0,0,1,1.1,93.994,-36.4,4.864,5191.0,0
6987,40,9,0,2,0,1,0,0,0,3,257,1,0,0,1,1.1,93.994,-36.4,4.86,5191.0,0
547,35,0,2,3,0,0,1,0,0,1,259,2,0,0,1,1.1,93.994,-36.4,4.857,5191.0,0
5005,28,0,1,6,0,0,0,0,0,2,165,2,0,0,1,1.1,93.994,-36.4,4.8580000000000005,5191.0,0
6497,27,0,1,6,0,1,0,0,0,2,582,1,0,0,1,1.1,93.994,-36.4,4.857,5191.0,0
2356,50,6,0,6,0,1,1,0,0,1,137,1,0,0,1,1.1,93.994,-36.4,4.856,5191.0,0
2848,35,0,0,3,0,0,0,0,0,2,100,3,0,0,1,1.1,93.994,-36.4,4.859,5191.0,0
1213,48,10,0,0,0,1,1,0,0,3,56,1,0,0,1,1.1,93.994,-36.4,4.855,5191.0,0
3890,39,1,0,2,0,0,0,0,0,4,102,4,0,0,1,1.1,93.994,-36.4,4.859,5191.0,0
1911,48,1,0,5,0,0,0,0,0,4,245,4,0,0,1,1.1,93.994,-36.4,4.855,5191.0,0
5451,39,3,0,0,0,0,1,0,0,4,74,4,0,0,1,1.1,93.994,-36.4,4.857,5191.0,0
5184,41,1,2,1,0,1,0,0,0,4,160,2,0,0,1,1.1,93.994,-36.4,4.857,5191.0,0
6765,28,1,1,2,0,0,0,0,0,2,259,2,0,0,1,1.1,93.994,-36.4,4.857,5191.0,0
3872,36,5,0,3,0,0,0,0,0,4,192,20,0,0,1,1.1,93.994,-36.4,4.859,5191.0,0
4593,39,3,0,0,0,1,0,0,0,1,54,2,0,0,1,1.1,93.994,-36.4,4.856,5191.0,0
6731,41,1,2,1,0,0,0,0,0,2,229,2,0,0,1,1.1,93.994,-36.4,4.857,5191.0,0
2635,31,7,0,2,0,0,0,0,0,1,945,2,0,0,1,1.1,93.994,-36.4,4.856,5191.0,1
891,39,1,0,1,0,0,0,0,0,2,104,1,0,0,1,1.1,93.994,-36.4,4.856,5191.0,0
4504,42,1,0,1,0,1,1,0,0,1,99,1,0,0,1,1.1,93.994,-36.4,4.856,5191.0,0
1841,40,9,0,6,0,0,0,0,0,4,338,3,0,0,1,1.1,93.994,-36.4,4.855,5191.0,0
2668,51,1,0,0,0,1,0,0,0,2,438,2,0,0,1,1.1,93.994,-36.4,4.859,5191.0,0
6720,39,7,0,3,0,0,0,0,0,2,239,2,0,0,1,1.1,93.994,-36.4,4.857,5191.0,0
2627,39,9,0,5,0,0,0,0,0,1,273,2,0,0,1,1.1,93.994,-36.4,4.856,5191.0,0
4380,43,9,1,6,0,0,0,0,0,1,24,1,0,0,1,1.1,93.994,-36.4,4.856,5191.0,0
5382,26,7,1,3,0,0,0,0,0,4,211,4,0,0,1,1.1,93.994,-36.4,4.857,5191.0,0
6449,37,3,0,3,0,0,0,0,0,2,132,1,0,0,1,1.1,93.994,-36.4,4.857,5191.0,0
4110,38,7,0,3,0,1,0,0,0,0,552,3,0,0,1,1.1,93.994,-36.4,4.8580000000000005,5191.0,0
978,48,1,0,3,0,0,0,0,0,2,144,1,0,0,1,1.1,93.994,-36.4,4.856,5191.0,0
1359,39,1,0,1,0,1,0,0,0,3,269,3,0,0,1,1.1,93.994,-36.4,4.855,5191.0,0
4611,41,9,2,0,0,1,0,0,0,1,725,1,0,0,1,1.1,93.994,-36.4,4.856,5191.0,0
4840,42,1,2,2,0,1,0,0,0,2,748,1,0,0,1,1.1,93.994,-36.4,4.8580000000000005,5191.0,0
2940,36,0,1,6,0,1,1,0,0,2,374,2,0,0,1,1.1,93.994,-36.4,4.859,5191.0,0
4994,35,7,0,3,0,0,0,0,0,2,265,2,0,0,1,1.1,93.994,-36.4,4.8580000000000005,5191.0,0
3883,39,0,0,5,0,0,0,0,0,4,299,4,0,0,1,1.1,93.994,-36.4,4.859,5191.0,0
855,38,0,0,6,0,0,0,0,0,2,241,2,0,0,1,1.1,93.994,-36.4,4.856,5191.0,0
4476,27,1,0,1,0,0,0,0,0,1,37,9,0,0,1,1.1,93.994,-36.4,4.856,5191.0,0
5447,39,1,2,2,0,0,0,0,0,4,106,3,0,0,1,1.1,93.994,-36.4,4.857,5191.0,0
398,41,6,0,6,0,1,1,0,0,1,442,2,0,0,1,1.1,93.994,-36.4,4.857,5191.0,0
5331,39,1,0,2,0,1,0,0,0,4,83,2,0,0,1,1.1,93.994,-36.4,4.857,5191.0,0
4901,45,1,2,2,0,0,0,0,0,2,1162,2,0,0,1,1.1,93.994,-36.4,4.8580000000000005,5191.0,0
1065,32,3,0,0,0,0,0,0,0,2,110,2,0,0,1,1.1,93.994,-36.4,4.856,5191.0,0
4503,56,5,2,3,0,1,0,0,0,1,60,6,0,0,1,1.1,93.994,-36.4,4.856,5191.0,0
2505,53,9,0,5,0,0,0,0,0,1,332,1,0,0,1,1.1,93.994,-36.4,4.856,5191.0,0
5773,34,0,1,3,0,0,0,0,0,0,52,3,0,0,1,1.1,93.994,-36.4,4.857,5191.0,0
5083,41,4,0,6,0,0,1,0,0,4,359,4,0,0,1,1.1,93.994,-36.4,4.857,5191.0,0
6616,30,9,1,3,0,0,0,0,0,2,438,1,0,0,1,1.1,93.994,-36.4,4.857,5191.0,0
2811,42,1,0,1,0,1,0,0,0,2,347,1,0,0,1,1.1,93.994,-36.4,4.859,5191.0,0
7685,39,7,0,3,0,0,0,0,0,4,110,6,0,0,1,1.1,93.994,-36.4,4.864,5191.0,0
5318,31,1,0,1,0,1,0,0,0,4,364,2,0,0,1,1.1,93.994,-36.4,4.857,5191.0,0
2123,36,0,0,6,0,0,0,0,0,0,188,1,0,0,1,1.1,93.994,-36.4,4.857,5191.0,0
1184,31,9,0,5,0,0,0,0,0,3,528,1,0,0,1,1.1,93.994,-36.4,4.855,5191.0,0
5230,27,1,0,2,0,1,1,0,0,4,152,2,0,0,1,1.1,93.994,-36.4,4.857,5191.0,0
382,34,4,1,6,0,0,0,0,0,1,290,1,0,0,1,1.1,93.994,-36.4,4.857,5191.0,0
6018,34,1,0,2,0,0,0,0,0,1,740,1,0,0,1,1.1,93.994,-36.4,4.857,5191.0,0
689,46,4,0,6,0,1,0,0,0,1,716,2,0,0,1,1.1,93.994,-36.4,4.857,5191.0,0
2842,41,0,1,3,0,1,1,0,0,2,166,2,0,0,1,1.1,93.994,-36.4,4.859,5191.0,0
6563,32,9,1,3,0,1,0,0,0,2,202,1,0,0,1,1.1,93.994,-36.4,4.857,5191.0,0
2407,42,1,0,0,0,0,0,0,0,1,135,1,0,0,1,1.1,93.994,-36.4,4.856,5191.0,0
1479,46,9,2,2,0,1,0,0,0,3,128,2,0,0,1,1.1,93.994,-36.4,4.855,5191.0,0
4250,45,9,1,5,0,1,1,0,0,1,133,1,0,0,1,1.1,93.994,-36.4,4.856,5191.0,0
6025,29,1,1,2,0,1,0,0,0,1,330,2,0,0,1,1.1,93.994,-36.4,4.857,5191.0,0
2961,31,0,1,6,0,0,0,0,0,2,142,3,0,0,1,1.1,93.994,-36.4,4.859,5191.0,0
1171,40,0,1,3,0,0,1,0,0,3,110,1,0,0,1,1.1,93.994,-36.4,4.855,5191.0,0
3474,35,1,0,2,0,0,0,0,0,3,71,3,0,0,1,1.1,93.994,-36.4,4.86,5191.0,0
1747,48,0,0,3,0,1,1,0,0,4,230,2,0,0,1,1.1,93.994,-36.4,4.855,5191.0,0
5723,58,0,0,3,0,1,0,0,0,0,574,3,0,0,1,1.1,93.994,-36.4,4.857,5191.0,0
5775,33,9,1,6,0,0,1,0,0,0,471,1,0,0,1,1.1,93.994,-36.4,4.857,5191.0,0
1274,38,2,0,1,0,1,0,0,0,3,196,1,0,0,1,1.1,93.994,-36.4,4.855,5191.0,0
1505,33,0,0,3,0,1,0,0,0,3,672,3,0,0,1,1.1,93.994,-36.4,4.855,5191.0,0
7234,28,9,0,3,0,1,0,0,0,3,347,2,0,0,1,1.1,93.994,-36.4,4.86,5191.0,0
4843,52,5,2,0,0,1,1,0,0,2,485,1,0,0,1,1.1,93.994,-36.4,4.8580000000000005,5191.0,0
3611,38,9,0,5,0,1,0,0,0,4,167,1,0,0,1,1.1,93.994,-36.4,4.859,5191.0,0
4090,27,8,1,6,0,1,0,0,0,0,104,1,0,0,1,1.1,93.994,-36.4,4.8580000000000005,5191.0,0
3039,41,0,0,3,0,0,0,0,0,2,254,2,0,0,1,1.1,93.994,-36.4,4.859,5191.0,0
5152,39,0,0,3,0,1,1,0,0,4,202,2,0,0,1,1.1,93.994,-36.4,4.857,5191.0,0
2013,48,0,0,6,0,0,1,0,0,0,327,2,0,0,1,1.1,93.994,-36.4,4.857,5191.0,0
3239,46,0,0,6,0,0,0,0,0,3,68,5,0,0,1,1.1,93.994,-36.4,4.86,5191.0,0
3781,36,7,1,2,0,1,0,0,0,4,337,2,0,0,1,1.1,93.994,-36.4,4.859,5191.0,0
4801,31,0,0,3,0,1,1,0,0,2,159,1,0,0,1,1.1,93.994,-36.4,4.8580000000000005,5191.0,0
1713,39,1,0,1,0,1,0,0,0,4,308,1,0,0,1,1.1,93.994,-36.4,4.855,5191.0,0
1434,40,7,1,5,0,0,0,0,0,3,202,2,0,0,1,1.1,93.994,-36.4,4.855,5191.0,0
3254,46,4,0,2,0,1,0,0,0,3,126,1,0,0,1,1.1,93.994,-36.4,4.86,5191.0,0
3294,36,1,0,2,0,0,0,0,0,3,127,2,0,0,1,1.1,93.994,-36.4,4.86,5191.0,0
6411,25,9,0,3,0,1,0,0,0,2,153,3,0,0,1,1.1,93.994,-36.4,4.857,5191.0,0
5394,33,4,0,6,0,1,0,0,0,4,95,4,0,0,1,1.1,93.994,-36.4,4.857,5191.0,0
7514,43,0,0,6,0,0,0,0,0,4,129,3,0,0,1,1.1,93.994,-36.4,4.864,5191.0,0
2960,53,6,0,6,0,1,0,0,0,2,382,10,0,0,1,1.1,93.994,-36.4,4.859,5191.0,0
335,49,2,0,3,0,1,0,0,0,0,135,4,0,0,1,1.1,93.994,-36.4,4.857,5191.0,0
3010,33,0,0,6,0,0,0,0,0,2,122,4,0,0,1,1.1,93.994,-36.4,4.859,5191.0,0
4329,36,0,2,3,0,1,1,0,0,1,124,1,0,0,1,1.1,93.994,-36.4,4.856,5191.0,0
5500,42,9,1,3,0,0,0,0,0,0,224,1,0,0,1,1.1,93.994,-36.4,4.857,5191.0,0
592,32,0,0,6,0,0,0,0,0,1,135,1,0,0,1,1.1,93.994,-36.4,4.857,5191.0,0
2664,39,9,0,5,0,0,0,0,0,2,151,2,0,0,1,1.1,93.994,-36.4,4.859,5191.0,0
2446,49,6,0,5,0,1,0,0,0,1,214,1,0,0,1,1.1,93.994,-36.4,4.856,5191.0,0
3663,24,7,0,3,0,0,1,0,0,4,241,1,0,0,1,1.1,93.994,-36.4,4.859,5191.0,0
4784,38,1,1,0,0,0,0,0,0,2,17,7,0,0,1,1.1,93.994,-36.4,4.8580000000000005,5191.0,0
7601,38,7,2,1,0,0,0,0,0,4,825,2,0,0,1,1.1,93.994,-36.4,4.864,5191.0,1
1754,46,1,0,0,0,1,0,0,0,4,107,3,0,0,1,1.1,93.994,-36.4,4.855,5191.0,0
4328,40,1,0,0,0,0,0,0,0,1,116,1,0,0,1,1.1,93.994,-36.4,4.856,5191.0,0
7622,38,7,0,3,0,0,0,0,0,4,510,3,0,0,1,1.1,93.994,-36.4,4.864,5191.0,0
3585,44,4,0,6,0,0,0,0,0,4,627,1,0,0,1,1.1,93.994,-36.4,4.859,5191.0,0
3660,42,4,0,6,0,1,1,0,0,4,123,1,0,0,1,1.1,93.994,-36.4,4.859,5191.0,0
4075,27,1,0,2,0,1,0,0,0,0,147,3,0,0,1,1.1,93.994,-36.4,4.8580000000000005,5191.0,0
536,35,0,1,3,0,1,1,0,0,1,150,1,0,0,1,1.1,93.994,-36.4,4.857,5191.0,0
6971,32,4,0,6,0,1,0,0,0,3,619,1,0,0,1,1.1,93.994,-36.4,4.86,5191.0,0
3329,48,0,0,5,0,1,0,0,0,3,178,1,0,0,1,1.1,93.994,-36.4,4.86,5191.0,0
5986,34,1,0,2,0,0,0,0,0,1,427,1,0,0,1,1.1,93.994,-36.4,4.857,5191.0,0
5540,50,2,2,6,0,1,0,0,0,0,131,2,0,0,1,1.1,93.994,-36.4,4.857,5191.0,0
1842,45,7,0,3,0,0,0,0,0,4,182,1,0,0,1,1.1,93.994,-36.4,4.855,5191.0,0
7721,47,9,0,5,0,0,0,0,0,4,135,3,0,0,1,1.1,93.994,-36.4,4.864,5191.0,0
5464,47,4,0,6,0,1,1,0,0,4,107,3,0,0,1,1.1,93.994,-36.4,4.857,5191.0,0
143,53,1,0,0,0,1,0,0,0,0,136,1,0,0,1,1.1,93.994,-36.4,4.857,5191.0,0
5071,35,0,1,6,0,1,1,0,0,4,218,1,0,0,1,1.1,93.994,-36.4,4.857,5191.0,0
231,50,7,2,5,0,1,0,0,0,0,165,1,0,0,1,1.1,93.994,-36.4,4.857,5191.0,0
5624,28,7,1,3,0,0,1,0,0,0,200,1,0,0,1,1.1,93.994,-36.4,4.857,5191.0,0
5757,29,1,0,0,0,1,0,0,0,0,249,2,0,0,1,1.1,93.994,-36.4,4.857,5191.0,0
7461,32,1,0,0,0,0,0,0,0,4,201,4,0,0,1,1.1,93.994,-36.4,4.864,5191.0,0
5095,53,1,0,2,0,0,1,0,0,4,203,1,0,0,1,1.1,93.994,-36.4,4.857,5191.0,0
7066,41,7,0,6,0,1,1,0,0,3,936,1,0,0,1,1.1,93.994,-36.4,4.86,5191.0,1
5234,43,0,0,5,0,0,0,0,0,4,284,2,0,0,1,1.1,93.994,-36.4,4.857,5191.0,0
7423,26,9,0,5,0,0,0,0,0,4,180,1,0,0,1,1.1,93.994,-36.4,4.864,5191.0,0
7793,46,0,0,6,0,1,0,0,1,0,502,5,0,0,1,1.4,94.465,-41.8,4.865,5228.1,0
346,50,7,2,5,0,0,0,0,0,0,680,2,0,0,1,1.1,93.994,-36.4,4.857,5191.0,0
1538,37,7,0,3,0,0,0,0,0,3,1187,2,0,0,1,1.1,93.994,-36.4,4.855,5191.0,0
2038,41,0,2,3,0,0,0,0,0,0,177,4,0,0,1,1.1,93.994,-36.4,4.857,5191.0,0
3548,56,9,0,5,0,0,1,0,0,4,73,1,0,0,1,1.1,93.994,-36.4,4.859,5191.0,0
1198,48,1,0,1,0,1,0,0,0,3,604,1,0,0,1,1.1,93.994,-36.4,4.855,5191.0,0
2885,41,9,0,2,0,0,0,0,0,2,102,2,0,0,1,1.1,93.994,-36.4,4.859,5191.0,0
6294,31,7,0,3,0,0,0,0,0,1,166,2,0,0,1,1.1,93.994,-36.4,4.857,5191.0,0
4157,55,2,2,6,0,1,1,0,0,0,86,7,0,0,1,1.1,93.994,-36.4,4.8580000000000005,5191.0,0
1556,29,2,0,6,0,1,0,0,0,3,423,2,0,0,1,1.1,93.994,-36.4,4.855,5191.0,0
552,42,2,0,1,0,0,0,0,0,1,179,2,0,0,1,1.1,93.994,-36.4,4.857,5191.0,0
7593,31,0,0,2,0,1,0,0,0,4,465,3,0,0,1,1.1,93.994,-36.4,4.864,5191.0,0
5150,47,4,2,6,0,0,0,0,0,4,63,1,0,0,1,1.1,93.994,-36.4,4.857,5191.0,0
2173,45,4,0,5,0,0,0,0,0,0,98,2,0,0,1,1.1,93.994,-36.4,4.857,5191.0,0
1926,29,7,0,2,0,0,0,0,0,4,116,3,0,0,1,1.1,93.994,-36.4,4.855,5191.0,0
1692,39,1,2,2,0,1,0,0,0,4,249,3,0,0,1,1.1,93.994,-36.4,4.855,5191.0,0
6658,31,1,0,0,0,1,0,0,0,2,159,2,0,0,1,1.1,93.994,-36.4,4.857,5191.0,0
6781,51,1,2,0,0,1,0,0,0,2,180,2,0,0,1,1.1,93.994,-36.4,4.857,5191.0,0
6129,31,0,0,3,0,1,0,0,0,1,246,1,0,0,1,1.1,93.994,-36.4,4.857,5191.0,0
506,40,9,1,6,0,0,0,0,0,1,198,3,0,0,1,1.1,93.994,-36.4,4.857,5191.0,0
4558,56,0,0,2,0,0,0,0,0,1,91,6,0,0,1,1.1,93.994,-36.4,4.856,5191.0,0
2103,34,3,0,6,0,0,0,0,0,0,388,2,0,0,1,1.1,93.994,-36.4,4.857,5191.0,0
458,54,3,0,0,0,0,0,0,0,1,262,2,0,0,1,1.1,93.994,-36.4,4.857,5191.0,0
6196,33,6,0,6,0,0,0,0,0,1,367,5,0,0,1,1.1,93.994,-36.4,4.857,5191.0,0
7101,40,9,0,0,0,1,0,0,0,3,153,1,0,0,1,1.1,93.994,-36.4,4.86,5191.0,0
2774,54,1,0,2,0,0,0,0,0,2,452,2,0,0,1,1.1,93.994,-36.4,4.859,5191.0,0
649,33,1,0,3,0,0,0,0,0,1,328,1,0,0,1,1.1,93.994,-36.4,4.857,5191.0,0
5614,45,0,0,2,0,0,0,0,0,0,367,2,0,0,1,1.1,93.994,-36.4,4.857,5191.0,0
4654,56,6,0,0,0,0,0,0,0,2,222,1,0,0,1,1.1,93.994,-36.4,4.8580000000000005,5191.0,0
4271,43,0,0,6,0,1,0,0,0,1,775,1,0,0,1,1.1,93.994,-36.4,4.856,5191.0,0
7742,33,0,0,3,0,1,0,0,0,4,53,7,0,0,1,1.1,93.994,-36.4,4.864,5191.0,0
4091,43,7,2,3,0,1,0,0,0,0,191,4,0,0,1,1.1,93.994,-36.4,4.8580000000000005,5191.0,0
3517,40,1,1,2,0,1,0,0,0,3,137,2,0,0,1,1.1,93.994,-36.4,4.86,5191.0,0
4971,25,1,1,0,0,0,0,0,0,2,149,3,0,0,1,1.1,93.994,-36.4,4.8580000000000005,5191.0,0
89,34,0,0,3,0,1,0,0,0,0,188,2,0,0,1,1.1,93.994,-36.4,4.857,5191.0,0
3996,42,1,0,2,0,1,0,0,0,0,23,1,0,0,1,1.1,93.994,-36.4,4.8580000000000005,5191.0,0
6607,55,5,0,3,0,0,0,0,0,2,302,1,0,0,1,1.1,93.994,-36.4,4.857,5191.0,0
1682,39,0,0,6,0,1,0,0,0,4,238,2,0,0,1,1.1,93.994,-36.4,4.855,5191.0,0
5839,54,0,2,6,0,1,1,0,0,0,375,2,0,0,1,1.1,93.994,-36.4,4.857,5191.0,0
6016,24,7,1,3,0,0,0,0,0,1,185,1,0,0,1,1.1,93.994,-36.4,4.857,5191.0,0
3109,42,9,2,2,0,0,0,0,0,3,192,1,0,0,1,1.1,93.994,-36.4,4.86,5191.0,0
5032,59,0,1,5,0,0,0,0,0,2,291,4,0,0,1,1.1,93.994,-36.4,4.8580000000000005,5191.0,0
